latitude,longitude,bright_ti4,scan,track,acq_date,acq_time,satellite,instrument,confidence,version,bright_ti5,frp,daynight,source_dataset
27.98973,94.2222,336.75,0.42,0.38,2026-08-30,652,N,VIIRS,n,2.0NRT,297.24,18.02,D,VIIRS_SNPP_NRT
29.55473,90.99751,325.18,0.55,0.43,2026-08-30,652,N,VIIRS,l,2.0NRT,296.37,4.5,D,VIIRS_SNPP_NRT
29.55749,90.99095,328.38,0.55,0.43,2026-08-30,652,N,VIIRS,n,2.0NRT,290.57,5.61,D,VIIRS_SNPP_NRT
29.65337,90.98225,327.32,0.55,0.43,2026-08-30,652,N,VIIRS,n,2.0NRT,292.56,3.42,D,VIIRS_SNPP_NRT
6.24721,80.86079,335.72,0.53,0.42,2026-08-30,826,N,VIIRS,n,2.0NRT,299.28,2.37,D,VIIRS_SNPP_NRT
6.26749,81.05721,334.91,0.55,0.42,2026-08-30,826,N,VIIRS,n,2.0NRT,295.72,13.47,D,VIIRS_SNPP_NRT
6.45618,81.09254,345.43,0.55,0.43,2026-08-30,826,N,VIIRS,n,2.0NRT,300.75,7.3,D,VIIRS_SNPP_NRT
6.45692,81.09754,349.51,0.55,0.43,2026-08-30,826,N,VIIRS,n,2.0NRT,301.59,19.19,D,VIIRS_SNPP_NRT
6.45926,81.09015,346.16,0.55,0.43,2026-08-30,826,N,VIIRS,n,2.0NRT,299.67,8.32,D,VIIRS_SNPP_NRT
6.45996,81.09512,348.18,0.55,0.43,2026-08-30,826,N,VIIRS,n,2.0NRT,299.92,8.32,D,VIIRS_SNPP_NRT
6.46012,81.09199,341.66,0.55,0.43,2026-08-30,826,N,VIIRS,n,2.0NRT,299.41,7.3,D,VIIRS_SNPP_NRT
6.55183,80.87236,346.14,0.54,0.42,2026-08-30,826,N,VIIRS,n,2.0NRT,291.28,11.61,D,VIIRS_SNPP_NRT
6.55189,80.87561,334.36,0.54,0.42,2026-08-30,826,N,VIIRS,n,2.0NRT,292.72,8.33,D,VIIRS_SNPP_NRT
6.56987,81.05585,349.19,0.55,0.43,2026-08-30,826,N,VIIRS,n,2.0NRT,292.28,39.3,D,VIIRS_SNPP_NRT
6.57044,81.05381,336.92,0.55,0.43,2026-08-30,826,N,VIIRS,n,2.0NRT,290.95,18.25,D,VIIRS_SNPP_NRT
6.57118,81.0588,337.67,0.55,0.43,2026-08-30,826,N,VIIRS,n,2.0NRT,289.64,18.25,D,VIIRS_SNPP_NRT
6.71188,81.53472,341.78,0.39,0.44,2026-08-30,826,N,VIIRS,n,2.0NRT,300.87,3.03,D,VIIRS_SNPP_NRT
6.72053,81.5371,342.87,0.39,0.44,2026-08-30,826,N,VIIRS,n,2.0NRT,299.79,5.65,D,VIIRS_SNPP_NRT
6.72105,81.5407,343.31,0.39,0.44,2026-08-30,826,N,VIIRS,n,2.0NRT,300.12,5.65,D,VIIRS_SNPP_NRT
6.72933,81.16361,339.18,0.56,0.43,2026-08-30,826,N,VIIRS,n,2.0NRT,291.13,4.87,D,VIIRS_SNPP_NRT
6.7333,81.16302,349.54,0.56,0.43,2026-08-30,826,N,VIIRS,n,2.0NRT,291.31,19.5,D,VIIRS_SNPP_NRT
6.7412,81.50845,342.02,0.39,0.44,2026-08-30,826,N,VIIRS,n,2.0NRT,306.51,4.05,D,VIIRS_SNPP_NRT
6.74123,81.50769,340.69,0.39,0.44,2026-08-30,826,N,VIIRS,n,2.0NRT,306.26,3.86,D,VIIRS_SNPP_NRT
6.74882,81.53226,335.77,0.39,0.44,2026-08-30,826,N,VIIRS,l,2.0NRT,306.41,3.11,D,VIIRS_SNPP_NRT
6.74896,81.53299,336.66,0.39,0.44,2026-08-30,826,N,VIIRS,n,2.0NRT,306.47,3.24,D,VIIRS_SNPP_NRT
6.77788,81.78619,338.04,0.41,0.45,2026-08-30,826,N,VIIRS,n,2.0NRT,302.1,4.91,D,VIIRS_SNPP_NRT
6.7977,81.55489,349.29,0.4,0.44,2026-08-30,826,N,VIIRS,n,2.0NRT,305.52,6.68,D,VIIRS_SNPP_NRT
6.81451,81.55614,340.43,0.4,0.44,2026-08-30,826,N,VIIRS,n,2.0NRT,305.15,3.16,D,VIIRS_SNPP_NRT
6.81849,81.5262,339.07,0.39,0.44,2026-08-30,826,N,VIIRS,n,2.0NRT,303.18,2.63,D,VIIRS_SNPP_NRT
6.863,81.43449,332.96,0.39,0.44,2026-08-30,826,N,VIIRS,n,2.0NRT,297.4,3.02,D,VIIRS_SNPP_NRT
6.89576,81.66621,331.54,0.4,0.44,2026-08-30,826,N,VIIRS,l,2.0NRT,301.71,3.31,D,VIIRS_SNPP_NRT
6.96385,81.61536,336.56,0.4,0.44,2026-08-30,826,N,VIIRS,n,2.0NRT,304.75,6.91,D,VIIRS_SNPP_NRT
7.01565,81.40194,344.36,0.39,0.44,2026-08-30,826,N,VIIRS,n,2.0NRT,303.03,3.69,D,VIIRS_SNPP_NRT
7.01929,81.60059,332.84,0.4,0.44,2026-08-30,826,N,VIIRS,n,2.0NRT,302.79,2.25,D,VIIRS_SNPP_NRT
7.10918,81.68468,335.1,0.41,0.45,2026-08-30,826,N,VIIRS,l,2.0NRT,305.92,4.05,D,VIIRS_SNPP_NRT
7.13256,81.41004,330.14,0.39,0.44,2026-08-30,826,N,VIIRS,n,2.0NRT,297.2,2.12,D,VIIRS_SNPP_NRT
7.21619,81.59032,337.99,0.4,0.44,2026-08-30,826,N,VIIRS,n,2.0NRT,306.07,5.44,D,VIIRS_SNPP_NRT
7.27317,81.1773,330.44,0.57,0.43,2026-08-30,826,N,VIIRS,l,2.0NRT,303.55,2.91,D,VIIRS_SNPP_NRT
7.27678,81.14547,337.26,0.57,0.43,2026-08-30,826,N,VIIRS,n,2.0NRT,305.53,4.38,D,VIIRS_SNPP_NRT
7.27753,81.15067,337.79,0.57,0.43,2026-08-30,826,N,VIIRS,n,2.0NRT,306.06,4.38,D,VIIRS_SNPP_NRT
7.27994,81.59621,340.82,0.4,0.45,2026-08-30,826,N,VIIRS,n,2.0NRT,306.6,5.24,D,VIIRS_SNPP_NRT
7.29368,81.80795,332.54,0.42,0.45,2026-08-30,826,N,VIIRS,l,2.0NRT,303.12,2.34,D,VIIRS_SNPP_NRT
7.31546,81.10326,334.42,0.57,0.43,2026-08-30,826,N,VIIRS,l,2.0NRT,304.81,6.49,D,VIIRS_SNPP_NRT
7.31621,81.10839,336.91,0.57,0.43,2026-08-30,826,N,VIIRS,n,2.0NRT,305.81,9.05,D,VIIRS_SNPP_NRT
7.31681,81.76224,344.78,0.41,0.45,2026-08-30,826,N,VIIRS,n,2.0NRT,299.4,5.41,D,VIIRS_SNPP_NRT
7.32021,81.10786,336.09,0.57,0.43,2026-08-30,826,N,VIIRS,n,2.0NRT,306.09,2.2,D,VIIRS_SNPP_NRT
7.32289,81.80387,340.57,0.42,0.45,2026-08-30,826,N,VIIRS,n,2.0NRT,303.84,2.59,D,VIIRS_SNPP_NRT
7.3236,81.80315,331.97,0.42,0.45,2026-08-30,826,N,VIIRS,l,2.0NRT,303.42,2.14,D,VIIRS_SNPP_NRT
7.32474,81.2229,344.58,0.38,0.43,2026-08-30,826,N,VIIRS,n,2.0NRT,307.22,5.09,D,VIIRS_SNPP_NRT
7.33473,81.20717,357.22,0.38,0.43,2026-08-30,826,N,VIIRS,n,2.0NRT,311.78,10.19,D,VIIRS_SNPP_NRT
7.34377,81.73465,336.86,0.41,0.45,2026-08-30,826,N,VIIRS,n,2.0NRT,300.35,3.47,D,VIIRS_SNPP_NRT
7.35118,81.19792,336.49,0.38,0.43,2026-08-30,826,N,VIIRS,l,2.0NRT,309.58,3.8,D,VIIRS_SNPP_NRT
7.35132,81.81868,335.23,0.42,0.45,2026-08-30,826,N,VIIRS,n,2.0NRT,303.61,2.2,D,VIIRS_SNPP_NRT
7.35166,81.2014,348.5,0.38,0.43,2026-08-30,826,N,VIIRS,n,2.0NRT,310.47,3.8,D,VIIRS_SNPP_NRT
7.35215,81.2049,344.63,0.38,0.43,2026-08-30,826,N,VIIRS,n,2.0NRT,310.14,6.09,D,VIIRS_SNPP_NRT
7.35264,81.2084,348.0,0.38,0.43,2026-08-30,826,N,VIIRS,n,2.0NRT,307.54,6.09,D,VIIRS_SNPP_NRT
7.35635,81.76369,340.63,0.42,0.45,2026-08-30,826,N,VIIRS,n,2.0NRT,304.1,4.46,D,VIIRS_SNPP_NRT
7.36431,81.55346,330.83,0.4,0.44,2026-08-30,826,N,VIIRS,l,2.0NRT,303.42,4.19,D,VIIRS_SNPP_NRT
7.36655,81.24904,343.12,0.39,0.44,2026-08-30,826,N,VIIRS,n,2.0NRT,306.31,19.27,D,VIIRS_SNPP_NRT
7.36683,81.77773,338.06,0.42,0.45,2026-08-30,826,N,VIIRS,n,2.0NRT,304.2,5.08,D,VIIRS_SNPP_NRT
7.36748,81.57545,332.45,0.4,0.45,2026-08-30,826,N,VIIRS,l,2.0NRT,303.73,2.71,D,VIIRS_SNPP_NRT
7.37411,81.56326,342.4,0.4,0.44,2026-08-30,826,N,VIIRS,n,2.0NRT,303.29,5.71,D,VIIRS_SNPP_NRT
7.37766,81.24046,336.16,0.39,0.44,2026-08-30,826,N,VIIRS,l,2.0NRT,306.84,3.11,D,VIIRS_SNPP_NRT
7.37768,81.55894,331.05,0.4,0.44,2026-08-30,826,N,VIIRS,l,2.0NRT,302.66,3.86,D,VIIRS_SNPP_NRT
7.3884,81.54617,340.43,0.4,0.44,2026-08-30,826,N,VIIRS,n,2.0NRT,299.81,4.46,D,VIIRS_SNPP_NRT
7.38893,81.54981,338.13,0.4,0.44,2026-08-30,826,N,VIIRS,n,2.0NRT,298.51,4.08,D,VIIRS_SNPP_NRT
7.39143,81.54616,342.88,0.4,0.44,2026-08-30,826,N,VIIRS,n,2.0NRT,300.33,4.74,D,VIIRS_SNPP_NRT
7.39302,81.54917,343.05,0.4,0.44,2026-08-30,826,N,VIIRS,n,2.0NRT,300.78,5.04,D,VIIRS_SNPP_NRT
7.39604,81.54919,349.53,0.4,0.44,2026-08-30,826,N,VIIRS,n,2.0NRT,303.82,8.59,D,VIIRS_SNPP_NRT
7.39712,81.54854,336.74,0.4,0.44,2026-08-30,826,N,VIIRS,n,2.0NRT,302.96,5.04,D,VIIRS_SNPP_NRT
7.4049,81.77624,342.42,0.42,0.45,2026-08-30,826,N,VIIRS,n,2.0NRT,303.84,3.36,D,VIIRS_SNPP_NRT
7.4156,81.56924,341.29,0.4,0.45,2026-08-30,826,N,VIIRS,n,2.0NRT,302.85,2.32,D,VIIRS_SNPP_NRT
7.43686,81.39532,337.73,0.39,0.44,2026-08-30,826,N,VIIRS,n,2.0NRT,307.01,4.3,D,VIIRS_SNPP_NRT
7.43925,81.32561,340.99,0.39,0.44,2026-08-30,826,N,VIIRS,n,2.0NRT,309.94,4.43,D,VIIRS_SNPP_NRT
7.45403,81.34198,340.72,0.39,0.44,2026-08-30,826,N,VIIRS,n,2.0NRT,308.95,4.67,D,VIIRS_SNPP_NRT
7.4743,81.05003,337.26,0.56,0.43,2026-08-30,826,N,VIIRS,n,2.0NRT,305.58,3.44,D,VIIRS_SNPP_NRT
7.48906,81.38728,338.59,0.39,0.44,2026-08-30,826,N,VIIRS,n,2.0NRT,306.08,3.0,D,VIIRS_SNPP_NRT
7.51956,81.30991,334.71,0.39,0.44,2026-08-30,826,N,VIIRS,l,2.0NRT,305.47,2.27,D,VIIRS_SNPP_NRT
7.61757,81.15485,356.38,0.38,0.43,2026-08-30,826,N,VIIRS,n,2.0NRT,313.13,15.47,D,VIIRS_SNPP_NRT
7.61807,81.15833,367.0,0.38,0.43,2026-08-30,826,N,VIIRS,h,2.0NRT,311.16,34.65,D,VIIRS_SNPP_NRT
7.62159,81.15429,335.61,0.38,0.43,2026-08-30,826,N,VIIRS,n,2.0NRT,306.78,15.47,D,VIIRS_SNPP_NRT
7.67645,81.44918,347.74,0.4,0.44,2026-08-30,826,N,VIIRS,n,2.0NRT,308.37,6.52,D,VIIRS_SNPP_NRT
7.69219,81.52925,336.39,0.41,0.45,2026-08-30,826,N,VIIRS,n,2.0NRT,305.85,2.33,D,VIIRS_SNPP_NRT
7.78376,81.21587,341.02,0.39,0.44,2026-08-30,826,N,VIIRS,n,2.0NRT,306.64,9.22,D,VIIRS_SNPP_NRT
7.78425,81.21941,334.77,0.39,0.44,2026-08-30,826,N,VIIRS,n,2.0NRT,303.53,7.08,D,VIIRS_SNPP_NRT
7.80813,81.45168,339.35,0.4,0.44,2026-08-30,826,N,VIIRS,n,2.0NRT,308.72,4.97,D,VIIRS_SNPP_NRT
7.80942,81.45202,342.3,0.4,0.44,2026-08-30,826,N,VIIRS,n,2.0NRT,308.39,4.33,D,VIIRS_SNPP_NRT
7.81643,81.36108,338.02,0.4,0.44,2026-08-30,826,N,VIIRS,l,2.0NRT,308.95,7.87,D,VIIRS_SNPP_NRT
7.87288,81.46512,336.09,0.4,0.45,2026-08-30,826,N,VIIRS,l,2.0NRT,308.48,4.66,D,VIIRS_SNPP_NRT
7.87428,81.41622,347.81,0.4,0.44,2026-08-30,826,N,VIIRS,n,2.0NRT,308.64,9.46,D,VIIRS_SNPP_NRT
8.60875,77.83811,330.12,0.41,0.37,2026-08-30,826,N,VIIRS,n,2.0NRT,284.72,2.3,D,VIIRS_SNPP_NRT
8.78732,78.01003,339.42,0.42,0.37,2026-08-30,828,N,VIIRS,n,2.0NRT,301.37,4.32,D,VIIRS_SNPP_NRT
8.80542,78.10815,335.36,0.42,0.38,2026-08-30,828,N,VIIRS,n,2.0NRT,296.09,2.62,D,VIIRS_SNPP_NRT
8.88687,77.78855,336.67,0.41,0.37,2026-08-30,828,N,VIIRS,n,2.0NRT,297.2,3.0,D,VIIRS_SNPP_NRT
8.91,77.59529,335.65,0.4,0.37,2026-08-30,828,N,VIIRS,n,2.0NRT,296.51,1.37,D,VIIRS_SNPP_NRT
8.93239,77.96133,333.2,0.42,0.37,2026-08-30,828,N,VIIRS,n,2.0NRT,296.5,2.9,D,VIIRS_SNPP_NRT
8.93294,77.9651,349.29,0.42,0.37,2026-08-30,828,N,VIIRS,n,2.0NRT,296.81,2.9,D,VIIRS_SNPP_NRT
9.11369,77.77237,334.29,0.41,0.37,2026-08-30,828,N,VIIRS,n,2.0NRT,298.66,1.37,D,VIIRS_SNPP_NRT
9.15121,78.32916,331.35,0.43,0.38,2026-08-30,828,N,VIIRS,n,2.0NRT,293.35,1.56,D,VIIRS_SNPP_NRT
9.32007,77.4914,333.17,0.4,0.37,2026-08-30,828,N,VIIRS,n,2.0NRT,290.35,2.53,D,VIIRS_SNPP_NRT
9.40266,80.43048,328.22,0.55,0.43,2026-08-30,828,N,VIIRS,n,2.0NRT,295.28,4.05,D,VIIRS_SNPP_NRT
9.42778,80.38101,331.15,0.55,0.42,2026-08-30,828,N,VIIRS,n,2.0NRT,292.84,1.83,D,VIIRS_SNPP_NRT
9.44417,77.66956,357.05,0.41,0.37,2026-08-30,828,N,VIIRS,n,2.0NRT,290.55,5.42,D,VIIRS_SNPP_NRT
9.44472,77.67329,339.12,0.41,0.37,2026-08-30,828,N,VIIRS,n,2.0NRT,287.31,5.42,D,VIIRS_SNPP_NRT
9.49209,77.66238,342.98,0.41,0.37,2026-08-30,828,N,VIIRS,n,2.0NRT,299.79,7.59,D,VIIRS_SNPP_NRT
9.51278,78.066,343.56,0.42,0.38,2026-08-30,828,N,VIIRS,n,2.0NRT,303.22,10.29,D,VIIRS_SNPP_NRT
9.82619,77.39869,331.44,0.4,0.37,2026-08-30,828,N,VIIRS,l,2.0NRT,303.27,1.05,D,VIIRS_SNPP_NRT
9.86126,78.18573,338.34,0.43,0.38,2026-08-30,828,N,VIIRS,n,2.0NRT,303.91,4.18,D,VIIRS_SNPP_NRT
9.87797,78.03197,336.6,0.42,0.38,2026-08-30,828,N,VIIRS,n,2.0NRT,294.37,1.97,D,VIIRS_SNPP_NRT
10.00316,76.4542,333.81,0.39,0.36,2026-08-30,828,N,VIIRS,n,2.0NRT,298.59,0.94,D,VIIRS_SNPP_NRT
11.80984,77.21425,335.6,0.41,0.37,2026-08-30,828,N,VIIRS,n,2.0NRT,301.41,61.33,D,VIIRS_SNPP_NRT
12.07999,76.99017,338.02,0.41,0.37,2026-08-30,828,N,VIIRS,n,2.0NRT,303.8,3.7,D,VIIRS_SNPP_NRT
12.48661,76.3177,336.89,0.39,0.37,2026-08-30,828,N,VIIRS,n,2.0NRT,298.79,3.61,D,VIIRS_SNPP_NRT
12.81456,78.60983,333.07,0.48,0.4,2026-08-30,828,N,VIIRS,n,2.0NRT,291.11,2.64,D,VIIRS_SNPP_NRT
13.9402,78.66064,331.18,0.5,0.41,2026-08-30,828,N,VIIRS,n,2.0NRT,299.53,2.81,D,VIIRS_SNPP_NRT
13.99587,79.86121,330.58,0.39,0.44,2026-08-30,828,N,VIIRS,n,2.0NRT,297.69,3.16,D,VIIRS_SNPP_NRT
14.18999,77.3446,342.86,0.43,0.38,2026-08-30,828,N,VIIRS,n,2.0NRT,298.23,3.06,D,VIIRS_SNPP_NRT
14.29174,77.98407,337.34,0.46,0.39,2026-08-30,828,N,VIIRS,n,2.0NRT,294.69,3.76,D,VIIRS_SNPP_NRT
14.3499,77.63499,335.71,0.45,0.39,2026-08-30,828,N,VIIRS,n,2.0NRT,300.01,3.47,D,VIIRS_SNPP_NRT
14.4991,79.69765,330.15,0.38,0.44,2026-08-30,828,N,VIIRS,n,2.0NRT,297.16,1.87,D,VIIRS_SNPP_NRT
14.50312,79.69711,336.85,0.38,0.44,2026-08-30,828,N,VIIRS,n,2.0NRT,296.91,1.54,D,VIIRS_SNPP_NRT
14.67836,76.89172,333.67,0.42,0.38,2026-08-30,828,N,VIIRS,n,2.0NRT,291.89,2.11,D,VIIRS_SNPP_NRT
14.69206,79.62556,331.61,0.38,0.43,2026-08-30,828,N,VIIRS,n,2.0NRT,295.71,2.12,D,VIIRS_SNPP_NRT
14.71446,79.98879,342.4,0.4,0.44,2026-08-30,828,N,VIIRS,n,2.0NRT,295.02,7.26,D,VIIRS_SNPP_NRT
14.84624,78.37249,332.45,0.49,0.4,2026-08-30,828,N,VIIRS,n,2.0NRT,299.84,2.01,D,VIIRS_SNPP_NRT
15.43925,77.664,333.31,0.46,0.39,2026-08-30,828,N,VIIRS,n,2.0NRT,291.37,2.43,D,VIIRS_SNPP_NRT
15.93384,79.5267,343.13,0.39,0.44,2026-08-30,828,N,VIIRS,n,2.0NRT,289.76,4.06,D,VIIRS_SNPP_NRT
19.7772,73.79005,333.97,0.39,0.36,2026-08-30,830,N,VIIRS,n,2.0NRT,293.26,2.03,D,VIIRS_SNPP_NRT
21.17639,74.58324,334.94,0.4,0.37,2026-08-30,830,N,VIIRS,n,2.0NRT,291.83,1.91,D,VIIRS_SNPP_NRT
30.02923,71.74337,332.13,0.39,0.36,2026-08-30,835,N,VIIRS,l,2.0NRT,304.36,0.57,D,VIIRS_SNPP_NRT
30.08648,71.7243,334.33,0.39,0.36,2026-08-30,835,N,VIIRS,n,2.0NRT,303.89,1.66,D,VIIRS_SNPP_NRT
30.11638,73.26059,335.4,0.42,0.38,2026-08-30,835,N,VIIRS,l,2.0NRT,305.78,3.03,D,VIIRS_SNPP_NRT
30.11697,73.26498,336.37,0.42,0.38,2026-08-30,835,N,VIIRS,n,2.0NRT,305.23,5.74,D,VIIRS_SNPP_NRT
30.16407,74.51582,331.57,0.47,0.4,2026-08-30,835,N,VIIRS,l,2.0NRT,302.09,3.35,D,VIIRS_SNPP_NRT
30.35123,73.65195,334.44,0.44,0.38,2026-08-30,835,N,VIIRS,n,2.0NRT,300.2,1.82,D,VIIRS_SNPP_NRT
30.51386,73.90864,335.57,0.45,0.39,2026-08-30,835,N,VIIRS,n,2.0NRT,299.41,2.87,D,VIIRS_SNPP_NRT
31.10913,74.49384,345.2,0.48,0.4,2026-08-30,835,N,VIIRS,n,2.0NRT,299.84,9.69,D,VIIRS_SNPP_NRT
31.12675,74.30208,342.96,0.47,0.4,2026-08-30,835,N,VIIRS,n,2.0NRT,300.91,4.14,D,VIIRS_SNPP_NRT
31.2082,73.91856,337.22,0.46,0.39,2026-08-30,835,N,VIIRS,n,2.0NRT,300.68,3.87,D,VIIRS_SNPP_NRT
31.2118,73.91795,331.16,0.46,0.39,2026-08-30,835,N,VIIRS,n,2.0NRT,299.86,2.3,D,VIIRS_SNPP_NRT
31.39489,72.12487,333.23,0.4,0.37,2026-08-30,835,N,VIIRS,n,2.0NRT,300.88,1.87,D,VIIRS_SNPP_NRT
31.4235,72.12935,331.22,0.4,0.37,2026-08-30,835,N,VIIRS,n,2.0NRT,300.79,3.19,D,VIIRS_SNPP_NRT
31.46879,72.1555,335.84,0.4,0.37,2026-08-30,835,N,VIIRS,n,2.0NRT,301.51,3.6,D,VIIRS_SNPP_NRT
31.56918,72.22474,334.87,0.41,0.37,2026-08-30,835,N,VIIRS,n,2.0NRT,302.29,2.25,D,VIIRS_SNPP_NRT
31.56943,72.27724,340.52,0.41,0.37,2026-08-30,835,N,VIIRS,n,2.0NRT,301.32,1.98,D,VIIRS_SNPP_NRT
31.58139,72.28816,337.8,0.41,0.37,2026-08-30,835,N,VIIRS,n,2.0NRT,299.58,2.12,D,VIIRS_SNPP_NRT
32.05318,73.38254,337.5,0.44,0.39,2026-08-30,835,N,VIIRS,n,2.0NRT,301.33,3.08,D,VIIRS_SNPP_NRT
32.09223,73.23719,330.89,0.44,0.38,2026-08-30,835,N,VIIRS,n,2.0NRT,299.99,2.2,D,VIIRS_SNPP_NRT
32.30693,73.28819,337.47,0.44,0.38,2026-08-30,835,N,VIIRS,n,2.0NRT,297.34,3.64,D,VIIRS_SNPP_NRT
32.8883,71.61584,331.99,0.4,0.37,2026-08-30,835,N,VIIRS,l,2.0NRT,303.18,1.77,D,VIIRS_SNPP_NRT
33.58202,69.2417,340.44,0.39,0.36,2026-08-30,835,N,VIIRS,l,2.0NRT,315.16,3.52,D,VIIRS_SNPP_NRT
33.84936,72.20547,340.8,0.42,0.38,2026-08-30,835,N,VIIRS,n,2.0NRT,297.4,3.38,D,VIIRS_SNPP_NRT
7.13631,81.13902,296.16,0.73,0.76,2026-08-30,1921,N,VIIRS,n,2.0NRT,280.67,1.72,N,VIIRS_SNPP_NRT
7.14013,81.1341,297.7,0.73,0.76,2026-08-30,1921,N,VIIRS,n,2.0NRT,283.35,3.59,N,VIIRS_SNPP_NRT
7.28379,81.16539,304.2,0.72,0.76,2026-08-30,1921,N,VIIRS,n,2.0NRT,288.27,1.34,N,VIIRS_SNPP_NRT
7.6078,81.15397,303.16,0.73,0.76,2026-08-30,1921,N,VIIRS,n,2.0NRT,288.01,0.82,N,VIIRS_SNPP_NRT
8.86712,81.02701,309.61,0.78,0.78,2026-08-30,1921,N,VIIRS,n,2.0NRT,287.51,1.75,N,VIIRS_SNPP_NRT
8.86843,81.02491,316.5,0.78,0.78,2026-08-30,1921,N,VIIRS,n,2.0NRT,287.9,2.71,N,VIIRS_SNPP_NRT
31.61482,74.37532,311.52,0.39,0.36,2026-08-30,2055,N,VIIRS,n,2.0NRT,295.45,0.61,N,VIIRS_SNPP_NRT
31.64126,74.42704,308.12,0.39,0.36,2026-08-30,2055,N,VIIRS,n,2.0NRT,295.23,0.49,N,VIIRS_SNPP_NRT
31.769,70.10805,312.33,0.55,0.43,2026-08-30,2055,N,VIIRS,n,2.0NRT,295.54,4.57,N,VIIRS_SNPP_NRT
32.0868,74.16059,315.49,0.39,0.36,2026-08-30,2055,N,VIIRS,n,2.0NRT,294.79,2.11,N,VIIRS_SNPP_NRT
32.08741,74.15643,308.49,0.39,0.36,2026-08-30,2055,N,VIIRS,n,2.0NRT,294.49,0.65,N,VIIRS_SNPP_NRT
32.13232,74.17843,312.92,0.39,0.36,2026-08-30,2055,N,VIIRS,n,2.0NRT,295.18,0.79,N,VIIRS_SNPP_NRT
32.57351,72.56357,309.26,0.44,0.38,2026-08-30,2055,N,VIIRS,n,2.0NRT,294.88,4.1,N,VIIRS_SNPP_NRT
32.64409,72.9769,307.1,0.42,0.38,2026-08-30,2055,N,VIIRS,n,2.0NRT,293.7,1.59,N,VIIRS_SNPP_NRT
32.88999,71.6175,308.91,0.48,0.4,2026-08-30,2055,N,VIIRS,n,2.0NRT,293.74,3.33,N,VIIRS_SNPP_NRT
33.29611,71.18341,310.8,0.51,0.41,2026-08-30,2055,N,VIIRS,n,2.0NRT,293.05,0.8,N,VIIRS_SNPP_NRT
33.29622,71.18803,306.97,0.51,0.41,2026-08-30,2055,N,VIIRS,n,2.0NRT,293.04,1.09,N,VIIRS_SNPP_NRT
24.68952,73.00175,308.21,0.39,0.36,2026-08-30,2057,N,VIIRS,n,2.0NRT,292.27,1.08,N,VIIRS_SNPP_NRT
25.9433,72.19072,329.62,0.4,0.37,2026-08-30,2057,N,VIIRS,n,2.0NRT,294.95,2.98,N,VIIRS_SNPP_NRT
25.94431,72.19051,325.37,0.4,0.37,2026-08-30,2057,N,VIIRS,n,2.0NRT,295.03,2.14,N,VIIRS_SNPP_NRT
26.09499,68.87773,305.36,0.55,0.42,2026-08-30,2057,N,VIIRS,n,2.0NRT,295.07,0.92,N,VIIRS_SNPP_NRT
26.60605,73.68385,305.13,0.38,0.36,2026-08-30,2057,N,VIIRS,n,2.0NRT,292.92,0.71,N,VIIRS_SNPP_NRT
26.87274,73.51597,306.77,0.39,0.36,2026-08-30,2057,N,VIIRS,n,2.0NRT,293.13,1.35,N,VIIRS_SNPP_NRT
26.87605,73.51661,309.34,0.39,0.36,2026-08-30,2057,N,VIIRS,n,2.0NRT,293.23,1.26,N,VIIRS_SNPP_NRT
26.87664,73.51275,304.99,0.39,0.36,2026-08-30,2057,N,VIIRS,n,2.0NRT,292.77,1.39,N,VIIRS_SNPP_NRT
27.66868,76.13271,296.11,0.41,0.37,2026-08-30,2057,N,VIIRS,n,2.0NRT,276.77,0.32,N,VIIRS_SNPP_NRT
27.66938,76.12862,299.11,0.41,0.37,2026-08-30,2057,N,VIIRS,n,2.0NRT,279.78,0.32,N,VIIRS_SNPP_NRT
28.35198,70.13081,307.1,0.5,0.41,2026-08-30,2057,N,VIIRS,n,2.0NRT,296.83,0.75,N,VIIRS_SNPP_NRT
28.42588,69.698,310.32,0.53,0.42,2026-08-30,2057,N,VIIRS,n,2.0NRT,297.18,1.83,N,VIIRS_SNPP_NRT
28.74306,76.92912,316.04,0.42,0.38,2026-08-30,2057,N,VIIRS,n,2.0NRT,291.02,1.91,N,VIIRS_SNPP_NRT
29.45914,76.89161,316.03,0.41,0.37,2026-08-30,2057,N,VIIRS,n,2.0NRT,292.1,3.18,N,VIIRS_SNPP_NRT
29.4759,76.85623,311.77,0.41,0.37,2026-08-30,2057,N,VIIRS,n,2.0NRT,289.97,2.28,N,VIIRS_SNPP_NRT
18.54634,74.25378,311.92,0.42,0.38,2026-08-30,2059,N,VIIRS,n,2.0NRT,289.64,1.13,N,VIIRS_SNPP_NRT
18.68969,73.04101,304.97,0.39,0.36,2026-08-30,2059,N,VIIRS,n,2.0NRT,291.93,1.57,N,VIIRS_SNPP_NRT
18.69302,73.0416,319.89,0.39,0.36,2026-08-30,2059,N,VIIRS,n,2.0NRT,293.8,3.62,N,VIIRS_SNPP_NRT
19.93695,73.71136,323.05,0.4,0.37,2026-08-30,2059,N,VIIRS,n,2.0NRT,287.35,2.32,N,VIIRS_SNPP_NRT
20.35619,72.94963,305.96,0.39,0.36,2026-08-30,2059,N,VIIRS,n,2.0NRT,291.96,1.84,N,VIIRS_SNPP_NRT
21.10102,72.63954,295.93,0.38,0.36,2026-08-30,2059,N,VIIRS,n,2.0NRT,281.97,0.49,N,VIIRS_SNPP_NRT
21.1016,72.63586,315.23,0.38,0.36,2026-08-30,2059,N,VIIRS,n,2.0NRT,282.26,1.65,N,VIIRS_SNPP_NRT
21.26307,72.94081,312.03,0.38,0.36,2026-08-30,2059,N,VIIRS,n,2.0NRT,293.36,2.1,N,VIIRS_SNPP_NRT
21.79665,72.08905,308.36,0.39,0.36,2026-08-30,2059,N,VIIRS,n,2.0NRT,292.6,1.45,N,VIIRS_SNPP_NRT
9.67002,77.45597,297.92,0.57,0.52,2026-08-30,2101,N,VIIRS,n,2.0NRT,278.12,0.77,N,VIIRS_SNPP_NRT
11.62482,79.08276,304.91,0.34,0.56,2026-08-30,2101,N,VIIRS,n,2.0NRT,283.7,0.94,N,VIIRS_SNPP_NRT
13.71089,79.62021,304.97,0.34,0.56,2026-08-30,2101,N,VIIRS,n,2.0NRT,281.19,1.05,N,VIIRS_SNPP_NRT
13.82755,79.33979,302.83,0.32,0.55,2026-08-30,2101,N,VIIRS,n,2.0NRT,278.47,0.49,N,VIIRS_SNPP_NRT
13.82812,79.33691,305.97,0.32,0.55,2026-08-30,2101,N,VIIRS,n,2.0NRT,279.11,0.49,N,VIIRS_SNPP_NRT
13.82816,79.33921,305.91,0.32,0.55,2026-08-30,2101,N,VIIRS,n,2.0NRT,278.87,0.64,N,VIIRS_SNPP_NRT
13.82868,79.33408,302.13,0.32,0.55,2026-08-30,2101,N,VIIRS,n,2.0NRT,278.63,0.73,N,VIIRS_SNPP_NRT
13.82871,79.33633,304.76,0.32,0.55,2026-08-30,2101,N,VIIRS,n,2.0NRT,278.4,0.64,N,VIIRS_SNPP_NRT
15.16888,76.67051,297.02,0.41,0.45,2026-08-30,2101,N,VIIRS,n,2.0NRT,279.46,0.4,N,VIIRS_SNPP_NRT
15.17345,76.78623,302.27,0.42,0.45,2026-08-30,2101,N,VIIRS,n,2.0NRT,284.14,0.79,N,VIIRS_SNPP_NRT
15.17362,76.69113,301.13,0.41,0.45,2026-08-30,2101,N,VIIRS,n,2.0NRT,281.35,0.52,N,VIIRS_SNPP_NRT
15.1757,76.65623,320.74,0.41,0.45,2026-08-30,2101,N,VIIRS,n,2.0NRT,283.06,3.12,N,VIIRS_SNPP_NRT
15.17636,76.67603,312.47,0.41,0.45,2026-08-30,2101,N,VIIRS,n,2.0NRT,284.26,2.05,N,VIIRS_SNPP_NRT
15.17842,76.66464,301.31,0.41,0.45,2026-08-30,2101,N,VIIRS,n,2.0NRT,282.67,1.47,N,VIIRS_SNPP_NRT
15.18182,76.66927,302.97,0.41,0.45,2026-08-30,2101,N,VIIRS,n,2.0NRT,282.18,1.46,N,VIIRS_SNPP_NRT
15.1825,76.66548,315.65,0.41,0.45,2026-08-30,2101,N,VIIRS,n,2.0NRT,280.75,1.46,N,VIIRS_SNPP_NRT
6.95868,79.95699,300.79,0.47,0.64,2026-08-30,2104,N,VIIRS,n,2.0NRT,282.46,1.05,N,VIIRS_SNPP_NRT
6.74823,81.75127,333.23,0.39,0.36,2026-08-31,807,N,VIIRS,l,2.0NRT,303.36,2.28,D,VIIRS_SNPP_NRT
6.99914,81.59812,345.91,0.39,0.36,2026-08-31,807,N,VIIRS,n,2.0NRT,307.0,4.66,D,VIIRS_SNPP_NRT
6.99967,81.60159,335.33,0.39,0.36,2026-08-31,807,N,VIIRS,l,2.0NRT,306.99,5.33,D,VIIRS_SNPP_NRT
7.00193,81.59413,340.51,0.39,0.36,2026-08-31,807,N,VIIRS,n,2.0NRT,306.28,4.66,D,VIIRS_SNPP_NRT
7.00246,81.59761,349.4,0.39,0.36,2026-08-31,807,N,VIIRS,n,2.0NRT,309.62,4.66,D,VIIRS_SNPP_NRT
7.00911,81.5966,334.53,0.39,0.36,2026-08-31,807,N,VIIRS,l,2.0NRT,307.12,4.34,D,VIIRS_SNPP_NRT
7.07676,81.82498,341.21,0.39,0.36,2026-08-31,807,N,VIIRS,n,2.0NRT,304.24,3.59,D,VIIRS_SNPP_NRT
7.09931,80.83875,330.54,0.38,0.36,2026-08-31,807,N,VIIRS,n,2.0NRT,300.51,3.8,D,VIIRS_SNPP_NRT
7.17094,81.64171,345.22,0.39,0.36,2026-08-31,807,N,VIIRS,n,2.0NRT,300.2,8.79,D,VIIRS_SNPP_NRT
7.1865,81.38634,339.42,0.38,0.36,2026-08-31,807,N,VIIRS,n,2.0NRT,300.35,4.57,D,VIIRS_SNPP_NRT
7.32466,81.76436,343.9,0.39,0.36,2026-08-31,807,N,VIIRS,n,2.0NRT,297.2,4.49,D,VIIRS_SNPP_NRT
7.33384,81.80244,340.74,0.39,0.36,2026-08-31,807,N,VIIRS,n,2.0NRT,300.22,3.07,D,VIIRS_SNPP_NRT
7.43173,81.31496,330.4,0.38,0.36,2026-08-31,807,N,VIIRS,n,2.0NRT,294.08,2.02,D,VIIRS_SNPP_NRT
7.4614,80.99762,354.52,0.38,0.36,2026-08-31,807,N,VIIRS,n,2.0NRT,299.46,24.03,D,VIIRS_SNPP_NRT
7.47357,81.65829,346.07,0.39,0.36,2026-08-31,807,N,VIIRS,n,2.0NRT,297.84,9.86,D,VIIRS_SNPP_NRT
7.52729,80.8979,334.5,0.38,0.36,2026-08-31,807,N,VIIRS,l,2.0NRT,306.55,2.18,D,VIIRS_SNPP_NRT
7.60614,81.15155,339.35,0.38,0.36,2026-08-31,807,N,VIIRS,n,2.0NRT,301.8,8.72,D,VIIRS_SNPP_NRT
7.65419,81.40054,335.93,0.39,0.36,2026-08-31,807,N,VIIRS,n,2.0NRT,305.53,2.94,D,VIIRS_SNPP_NRT
7.70496,81.42134,340.73,0.39,0.36,2026-08-31,807,N,VIIRS,n,2.0NRT,303.38,6.93,D,VIIRS_SNPP_NRT
7.73714,79.95287,335.15,0.39,0.36,2026-08-31,807,N,VIIRS,n,2.0NRT,299.09,3.4,D,VIIRS_SNPP_NRT
7.73915,79.95213,345.5,0.39,0.36,2026-08-31,807,N,VIIRS,n,2.0NRT,299.7,5.01,D,VIIRS_SNPP_NRT
7.8739,80.07893,348.7,0.39,0.36,2026-08-31,807,N,VIIRS,n,2.0NRT,305.08,5.31,D,VIIRS_SNPP_NRT
7.87699,80.62096,331.9,0.38,0.36,2026-08-31,807,N,VIIRS,n,2.0NRT,302.63,2.86,D,VIIRS_SNPP_NRT
7.88657,80.13833,345.81,0.39,0.36,2026-08-31,807,N,VIIRS,n,2.0NRT,305.14,7.77,D,VIIRS_SNPP_NRT
7.88696,80.61943,341.73,0.38,0.36,2026-08-31,807,N,VIIRS,n,2.0NRT,302.18,3.88,D,VIIRS_SNPP_NRT
7.92286,81.40872,341.88,0.39,0.36,2026-08-31,807,N,VIIRS,n,2.0NRT,308.16,4.75,D,VIIRS_SNPP_NRT
7.94071,81.30248,345.2,0.38,0.36,2026-08-31,807,N,VIIRS,n,2.0NRT,308.84,20.34,D,VIIRS_SNPP_NRT
7.94124,81.30596,352.39,0.39,0.36,2026-08-31,807,N,VIIRS,n,2.0NRT,313.67,20.34,D,VIIRS_SNPP_NRT
7.94297,81.295,350.67,0.38,0.36,2026-08-31,807,N,VIIRS,n,2.0NRT,310.0,80.22,D,VIIRS_SNPP_NRT
7.94403,81.30197,352.31,0.38,0.36,2026-08-31,807,N,VIIRS,n,2.0NRT,313.41,20.34,D,VIIRS_SNPP_NRT
7.94456,81.30545,367.0,0.39,0.36,2026-08-31,807,N,VIIRS,h,2.0NRT,311.43,20.34,D,VIIRS_SNPP_NRT
7.95897,80.09814,338.14,0.39,0.36,2026-08-31,807,N,VIIRS,l,2.0NRT,304.5,3.06,D,VIIRS_SNPP_NRT
7.96847,80.62367,334.81,0.38,0.36,2026-08-31,807,N,VIIRS,n,2.0NRT,303.21,2.45,D,VIIRS_SNPP_NRT
7.99786,80.37258,332.12,0.39,0.36,2026-08-31,807,N,VIIRS,l,2.0NRT,305.98,6.58,D,VIIRS_SNPP_NRT
7.9984,80.37608,349.28,0.39,0.36,2026-08-31,807,N,VIIRS,n,2.0NRT,308.42,6.58,D,VIIRS_SNPP_NRT
8.01197,81.41592,340.12,0.39,0.36,2026-08-31,807,N,VIIRS,l,2.0NRT,310.95,4.35,D,VIIRS_SNPP_NRT
8.03437,80.19405,338.36,0.39,0.36,2026-08-31,807,N,VIIRS,n,2.0NRT,306.27,6.16,D,VIIRS_SNPP_NRT
8.08878,80.19277,344.37,0.39,0.36,2026-08-31,807,N,VIIRS,n,2.0NRT,305.52,5.01,D,VIIRS_SNPP_NRT
8.14198,79.99303,337.81,0.39,0.36,2026-08-31,807,N,VIIRS,n,2.0NRT,303.02,3.1,D,VIIRS_SNPP_NRT
8.2525,80.51107,330.03,0.39,0.36,2026-08-31,807,N,VIIRS,l,2.0NRT,304.77,2.72,D,VIIRS_SNPP_NRT
8.26829,80.17477,333.76,0.39,0.36,2026-08-31,807,N,VIIRS,l,2.0NRT,308.72,2.7,D,VIIRS_SNPP_NRT
8.28108,80.16919,341.22,0.39,0.36,2026-08-31,807,N,VIIRS,n,2.0NRT,309.37,3.83,D,VIIRS_SNPP_NRT
8.29091,80.21081,346.43,0.39,0.36,2026-08-31,807,N,VIIRS,n,2.0NRT,308.56,5.81,D,VIIRS_SNPP_NRT
8.30053,80.16256,339.1,0.39,0.36,2026-08-31,807,N,VIIRS,n,2.0NRT,308.91,3.66,D,VIIRS_SNPP_NRT
8.30774,80.12835,332.31,0.39,0.36,2026-08-31,807,N,VIIRS,l,2.0NRT,306.22,2.95,D,VIIRS_SNPP_NRT
8.31053,80.29387,334.22,0.39,0.36,2026-08-31,807,N,VIIRS,l,2.0NRT,305.49,1.4,D,VIIRS_SNPP_NRT
8.34692,80.20496,336.99,0.39,0.36,2026-08-31,807,N,VIIRS,l,2.0NRT,309.9,3.86,D,VIIRS_SNPP_NRT
8.34746,80.20847,336.17,0.39,0.36,2026-08-31,807,N,VIIRS,l,2.0NRT,309.73,3.85,D,VIIRS_SNPP_NRT
8.35775,80.80066,337.97,0.38,0.36,2026-08-31,807,N,VIIRS,l,2.0NRT,310.22,8.27,D,VIIRS_SNPP_NRT
8.36229,81.05286,337.65,0.38,0.36,2026-08-31,807,N,VIIRS,l,2.0NRT,310.94,6.7,D,VIIRS_SNPP_NRT
8.3721,80.43393,336.87,0.39,0.36,2026-08-31,807,N,VIIRS,n,2.0NRT,304.21,6.87,D,VIIRS_SNPP_NRT
8.3754,81.1614,336.39,0.38,0.36,2026-08-31,807,N,VIIRS,l,2.0NRT,307.17,3.98,D,VIIRS_SNPP_NRT
8.37858,80.18925,336.53,0.39,0.36,2026-08-31,807,N,VIIRS,l,2.0NRT,308.88,4.28,D,VIIRS_SNPP_NRT
8.38648,80.15206,334.03,0.39,0.36,2026-08-31,807,N,VIIRS,l,2.0NRT,304.84,4.9,D,VIIRS_SNPP_NRT
8.38703,80.15557,346.01,0.39,0.36,2026-08-31,807,N,VIIRS,n,2.0NRT,310.23,4.9,D,VIIRS_SNPP_NRT
8.4223,81.09,340.12,0.38,0.36,2026-08-31,807,N,VIIRS,l,2.0NRT,310.14,3.98,D,VIIRS_SNPP_NRT
8.42869,80.62504,341.14,0.38,0.36,2026-08-31,807,N,VIIRS,n,2.0NRT,308.86,5.61,D,VIIRS_SNPP_NRT
8.4316,80.79919,341.2,0.38,0.36,2026-08-31,807,N,VIIRS,n,2.0NRT,309.0,6.05,D,VIIRS_SNPP_NRT
8.43458,80.5528,331.43,0.38,0.36,2026-08-31,807,N,VIIRS,l,2.0NRT,304.61,2.47,D,VIIRS_SNPP_NRT
8.44716,80.87873,338.83,0.38,0.36,2026-08-31,807,N,VIIRS,n,2.0NRT,306.9,7.37,D,VIIRS_SNPP_NRT
8.4479,80.75037,335.29,0.38,0.36,2026-08-31,807,N,VIIRS,l,2.0NRT,308.52,3.6,D,VIIRS_SNPP_NRT
8.46928,80.77913,346.94,0.38,0.36,2026-08-31,807,N,VIIRS,n,2.0NRT,307.83,7.93,D,VIIRS_SNPP_NRT
8.47334,80.16677,342.12,0.39,0.36,2026-08-31,807,N,VIIRS,n,2.0NRT,309.88,7.33,D,VIIRS_SNPP_NRT
8.47485,80.77115,331.63,0.38,0.36,2026-08-31,807,N,VIIRS,l,2.0NRT,303.02,1.53,D,VIIRS_SNPP_NRT
8.47952,80.82387,331.96,0.38,0.36,2026-08-31,807,N,VIIRS,l,2.0NRT,303.15,4.13,D,VIIRS_SNPP_NRT
8.48646,80.36195,333.66,0.39,0.36,2026-08-31,807,N,VIIRS,l,2.0NRT,306.36,2.3,D,VIIRS_SNPP_NRT
8.49225,80.81834,353.12,0.38,0.36,2026-08-31,807,N,VIIRS,n,2.0NRT,310.05,11.16,D,VIIRS_SNPP_NRT
8.49849,80.39584,331.59,0.39,0.36,2026-08-31,807,N,VIIRS,l,2.0NRT,303.07,2.61,D,VIIRS_SNPP_NRT
8.49889,80.81732,341.45,0.38,0.36,2026-08-31,807,N,VIIRS,n,2.0NRT,307.32,4.41,D,VIIRS_SNPP_NRT
8.51151,80.56882,332.96,0.38,0.36,2026-08-31,807,N,VIIRS,n,2.0NRT,300.44,4.3,D,VIIRS_SNPP_NRT
8.51499,80.74651,334.79,0.38,0.36,2026-08-31,807,N,VIIRS,l,2.0NRT,309.49,9.52,D,VIIRS_SNPP_NRT
8.5192,80.46411,331.95,0.38,0.36,2026-08-31,807,N,VIIRS,n,2.0NRT,300.33,2.27,D,VIIRS_SNPP_NRT
8.55709,80.62238,336.88,0.38,0.36,2026-08-31,807,N,VIIRS,l,2.0NRT,306.97,5.71,D,VIIRS_SNPP_NRT
8.55763,80.62587,339.42,0.38,0.36,2026-08-31,807,N,VIIRS,n,2.0NRT,308.82,7.3,D,VIIRS_SNPP_NRT
8.56241,80.85677,347.43,0.38,0.36,2026-08-31,807,N,VIIRS,n,2.0NRT,309.81,6.27,D,VIIRS_SNPP_NRT
8.57523,80.74078,334.55,0.38,0.36,2026-08-31,807,N,VIIRS,n,2.0NRT,302.39,0.92,D,VIIRS_SNPP_NRT
8.5921,80.41267,348.81,0.39,0.36,2026-08-31,807,N,VIIRS,n,2.0NRT,308.67,9.48,D,VIIRS_SNPP_NRT
8.59252,80.60977,336.11,0.38,0.36,2026-08-31,807,N,VIIRS,n,2.0NRT,302.77,3.19,D,VIIRS_SNPP_NRT
8.59517,80.82677,344.09,0.38,0.36,2026-08-31,807,N,VIIRS,n,2.0NRT,307.19,24.38,D,VIIRS_SNPP_NRT
8.61153,80.51681,338.01,0.38,0.36,2026-08-31,807,N,VIIRS,l,2.0NRT,310.3,5.45,D,VIIRS_SNPP_NRT
8.6128,80.70208,334.35,0.38,0.36,2026-08-31,807,N,VIIRS,l,2.0NRT,307.32,4.65,D,VIIRS_SNPP_NRT
8.61921,81.14049,350.21,0.38,0.36,2026-08-31,807,N,VIIRS,n,2.0NRT,312.03,9.6,D,VIIRS_SNPP_NRT
8.6213,80.7978,348.51,0.38,0.36,2026-08-31,807,N,VIIRS,n,2.0NRT,306.04,6.63,D,VIIRS_SNPP_NRT
8.62135,80.97601,335.68,0.38,0.36,2026-08-31,807,N,VIIRS,n,2.0NRT,304.01,1.17,D,VIIRS_SNPP_NRT
8.62952,80.56754,333.65,0.38,0.36,2026-08-31,807,N,VIIRS,n,2.0NRT,303.3,3.18,D,VIIRS_SNPP_NRT
8.63006,80.57103,332.78,0.38,0.36,2026-08-31,807,N,VIIRS,n,2.0NRT,301.35,2.36,D,VIIRS_SNPP_NRT
8.63045,80.70648,339.82,0.38,0.36,2026-08-31,807,N,VIIRS,l,2.0NRT,310.42,4.17,D,VIIRS_SNPP_NRT
8.63466,80.53464,338.93,0.38,0.36,2026-08-31,807,N,VIIRS,n,2.0NRT,306.44,3.24,D,VIIRS_SNPP_NRT
8.6401,80.65864,339.77,0.38,0.36,2026-08-31,807,N,VIIRS,n,2.0NRT,303.83,15.49,D,VIIRS_SNPP_NRT
8.65994,80.76608,334.64,0.38,0.36,2026-08-31,807,N,VIIRS,l,2.0NRT,305.82,2.09,D,VIIRS_SNPP_NRT
8.66698,80.36886,337.97,0.39,0.36,2026-08-31,807,N,VIIRS,n,2.0NRT,307.33,3.35,D,VIIRS_SNPP_NRT
8.67386,80.74609,338.19,0.38,0.36,2026-08-31,807,N,VIIRS,n,2.0NRT,307.61,6.91,D,VIIRS_SNPP_NRT
8.68129,81.15162,341.5,0.39,0.36,2026-08-31,807,N,VIIRS,n,2.0NRT,311.49,6.41,D,VIIRS_SNPP_NRT
8.6821,80.75552,349.96,0.38,0.36,2026-08-31,807,N,VIIRS,n,2.0NRT,308.89,5.09,D,VIIRS_SNPP_NRT
8.74873,80.32748,338.49,0.39,0.36,2026-08-31,807,N,VIIRS,n,2.0NRT,305.13,3.57,D,VIIRS_SNPP_NRT
8.78987,80.99559,343.59,0.38,0.36,2026-08-31,807,N,VIIRS,n,2.0NRT,307.86,12.29,D,VIIRS_SNPP_NRT
8.80894,80.39244,341.51,0.38,0.36,2026-08-31,807,N,VIIRS,n,2.0NRT,306.81,3.36,D,VIIRS_SNPP_NRT
8.85911,80.74155,349.7,0.38,0.36,2026-08-31,807,N,VIIRS,n,2.0NRT,311.49,16.02,D,VIIRS_SNPP_NRT
8.90582,80.40517,338.33,0.38,0.36,2026-08-31,807,N,VIIRS,n,2.0NRT,305.91,4.3,D,VIIRS_SNPP_NRT
8.91568,80.42508,341.63,0.38,0.36,2026-08-31,807,N,VIIRS,l,2.0NRT,314.07,28.96,D,VIIRS_SNPP_NRT
8.97013,80.69147,345.28,0.38,0.36,2026-08-31,807,N,VIIRS,n,2.0NRT,311.26,6.62,D,VIIRS_SNPP_NRT
8.9767,80.37984,336.51,0.38,0.36,2026-08-31,807,N,VIIRS,l,2.0NRT,308.02,6.26,D,VIIRS_SNPP_NRT
8.97723,80.38334,337.39,0.38,0.36,2026-08-31,807,N,VIIRS,l,2.0NRT,307.43,6.26,D,VIIRS_SNPP_NRT
9.02789,77.86799,345.65,0.45,0.39,2026-08-31,807,N,VIIRS,n,2.0NRT,311.04,11.75,D,VIIRS_SNPP_NRT
9.04133,80.45132,367.0,0.38,0.36,2026-08-31,807,N,VIIRS,h,2.0NRT,312.33,19.68,D,VIIRS_SNPP_NRT
9.11122,80.50833,339.2,0.38,0.36,2026-08-31,807,N,VIIRS,l,2.0NRT,310.26,5.42,D,VIIRS_SNPP_NRT
9.17411,80.12911,332.22,0.39,0.36,2026-08-31,807,N,VIIRS,l,2.0NRT,306.33,2.97,D,VIIRS_SNPP_NRT
9.17741,78.13036,346.2,0.43,0.38,2026-08-31,807,N,VIIRS,n,2.0NRT,304.75,6.86,D,VIIRS_SNPP_NRT
9.18498,80.30385,347.17,0.39,0.36,2026-08-31,807,N,VIIRS,n,2.0NRT,313.38,6.16,D,VIIRS_SNPP_NRT
9.19589,80.66298,337.37,0.38,0.36,2026-08-31,807,N,VIIRS,l,2.0NRT,309.9,1.84,D,VIIRS_SNPP_NRT
9.22821,77.66577,339.43,0.45,0.39,2026-08-31,807,N,VIIRS,l,2.0NRT,303.45,16.19,D,VIIRS_SNPP_NRT
9.26766,80.71529,340.77,0.38,0.36,2026-08-31,807,N,VIIRS,n,2.0NRT,307.73,6.53,D,VIIRS_SNPP_NRT
9.28584,80.72318,340.11,0.38,0.36,2026-08-31,807,N,VIIRS,n,2.0NRT,306.2,3.86,D,VIIRS_SNPP_NRT
9.39429,80.28052,338.13,0.38,0.36,2026-08-31,807,N,VIIRS,n,2.0NRT,306.48,3.06,D,VIIRS_SNPP_NRT
9.41306,80.4028,353.54,0.38,0.36,2026-08-31,807,N,VIIRS,n,2.0NRT,307.32,5.73,D,VIIRS_SNPP_NRT
9.41691,80.40578,332.41,0.38,0.36,2026-08-31,807,N,VIIRS,l,2.0NRT,303.93,5.73,D,VIIRS_SNPP_NRT
9.47052,78.63935,342.36,0.41,0.37,2026-08-31,807,N,VIIRS,l,2.0NRT,300.43,5.55,D,VIIRS_SNPP_NRT
9.77185,78.36581,340.43,0.42,0.38,2026-08-31,807,N,VIIRS,n,2.0NRT,303.44,3.64,D,VIIRS_SNPP_NRT
9.8061,77.88528,340.12,0.44,0.38,2026-08-31,807,N,VIIRS,l,2.0NRT,312.07,7.57,D,VIIRS_SNPP_NRT
9.80675,77.88925,344.35,0.44,0.38,2026-08-31,807,N,VIIRS,l,2.0NRT,314.76,7.57,D,VIIRS_SNPP_NRT
9.90981,78.52617,339.05,0.41,0.37,2026-08-31,807,N,VIIRS,l,2.0NRT,304.96,4.17,D,VIIRS_SNPP_NRT
9.98556,77.43252,336.54,0.46,0.39,2026-08-31,807,N,VIIRS,l,2.0NRT,304.75,5.73,D,VIIRS_SNPP_NRT
11.62862,78.61463,331.27,0.4,0.37,2026-08-31,807,N,VIIRS,l,2.0NRT,298.12,4.3,D,VIIRS_SNPP_NRT
11.52704,77.24921,330.49,0.45,0.39,2026-08-31,809,N,VIIRS,l,2.0NRT,299.28,3.56,D,VIIRS_SNPP_NRT
11.52934,77.24984,332.74,0.45,0.39,2026-08-31,809,N,VIIRS,n,2.0NRT,298.98,4.63,D,VIIRS_SNPP_NRT
11.73493,77.98431,331.16,0.42,0.37,2026-08-31,809,N,VIIRS,n,2.0NRT,299.52,3.07,D,VIIRS_SNPP_NRT
11.80935,77.92519,331.34,0.42,0.38,2026-08-31,809,N,VIIRS,l,2.0NRT,292.97,2.83,D,VIIRS_SNPP_NRT
11.99381,79.54753,350.08,0.39,0.36,2026-08-31,809,N,VIIRS,n,2.0NRT,310.35,8.02,D,VIIRS_SNPP_NRT
11.99713,79.547,346.13,0.39,0.36,2026-08-31,809,N,VIIRS,n,2.0NRT,308.36,8.02,D,VIIRS_SNPP_NRT
12.05555,79.07794,330.89,0.39,0.36,2026-08-31,809,N,VIIRS,l,2.0NRT,302.51,2.96,D,VIIRS_SNPP_NRT
12.58657,79.6415,349.15,0.38,0.36,2026-08-31,809,N,VIIRS,n,2.0NRT,307.62,4.02,D,VIIRS_SNPP_NRT
13.40939,80.26858,339.14,0.39,0.36,2026-08-31,809,N,VIIRS,n,2.0NRT,301.29,2.09,D,VIIRS_SNPP_NRT
13.81923,79.34404,351.56,0.38,0.36,2026-08-31,809,N,VIIRS,n,2.0NRT,293.93,13.51,D,VIIRS_SNPP_NRT
14.47656,78.25895,335.97,0.39,0.36,2026-08-31,809,N,VIIRS,n,2.0NRT,296.94,5.87,D,VIIRS_SNPP_NRT
27.71435,68.49007,350.78,0.5,0.49,2026-08-31,813,N,VIIRS,n,2.0NRT,304.87,28.78,D,VIIRS_SNPP_NRT
28.12977,76.78864,335.41,0.39,0.36,2026-08-31,813,N,VIIRS,n,2.0NRT,296.53,2.37,D,VIIRS_SNPP_NRT
31.1293,74.65489,341.05,0.39,0.36,2026-08-31,813,N,VIIRS,n,2.0NRT,298.33,4.79,D,VIIRS_SNPP_NRT
31.3222,72.33394,341.28,0.43,0.38,2026-08-31,813,N,VIIRS,n,2.0NRT,301.15,8.52,D,VIIRS_SNPP_NRT
31.37494,74.45004,346.78,0.39,0.36,2026-08-31,813,N,VIIRS,n,2.0NRT,300.46,6.1,D,VIIRS_SNPP_NRT
28.34651,77.2308,309.35,0.41,0.37,2026-08-31,2038,N,VIIRS,n,2.0NRT,291.76,1.97,N,VIIRS_SNPP_NRT
28.37152,77.22688,323.5,0.41,0.37,2026-08-31,2038,N,VIIRS,n,2.0NRT,289.42,1.55,N,VIIRS_SNPP_NRT
29.4606,76.88784,308.38,0.43,0.38,2026-08-31,2038,N,VIIRS,n,2.0NRT,292.7,2.34,N,VIIRS_SNPP_NRT
29.47525,76.859,314.13,0.43,0.38,2026-08-31,2038,N,VIIRS,n,2.0NRT,292.51,2.78,N,VIIRS_SNPP_NRT
29.78555,91.60432,301.18,0.44,0.63,2026-08-31,2038,N,VIIRS,n,2.0NRT,279.53,1.24,N,VIIRS_SNPP_NRT
32.5747,72.56332,308.45,0.5,0.49,2026-08-31,2038,N,VIIRS,n,2.0NRT,292.32,3.15,N,VIIRS_SNPP_NRT
32.8878,71.61481,307.36,0.57,0.52,2026-08-31,2038,N,VIIRS,n,2.0NRT,292.4,3.59,N,VIIRS_SNPP_NRT
32.88905,71.61505,307.79,0.57,0.52,2026-08-31,2038,N,VIIRS,n,2.0NRT,292.31,3.29,N,VIIRS_SNPP_NRT
35.96856,68.68645,302.12,0.45,0.63,2026-08-31,2038,N,VIIRS,n,2.0NRT,291.06,0.58,N,VIIRS_SNPP_NRT
21.10513,72.64378,330.75,0.54,0.42,2026-08-31,2040,N,VIIRS,n,2.0NRT,287.66,5.89,N,VIIRS_SNPP_NRT
21.10902,72.64436,299.5,0.54,0.42,2026-08-31,2040,N,VIIRS,n,2.0NRT,284.52,1.6,N,VIIRS_SNPP_NRT
22.3858,73.11745,305.2,0.53,0.42,2026-08-31,2040,N,VIIRS,n,2.0NRT,282.63,1.11,N,VIIRS_SNPP_NRT
22.3882,73.11613,321.54,0.53,0.42,2026-08-31,2040,N,VIIRS,n,2.0NRT,282.49,2.6,N,VIIRS_SNPP_NRT
22.38964,73.11803,318.73,0.53,0.42,2026-08-31,2040,N,VIIRS,n,2.0NRT,282.32,1.41,N,VIIRS_SNPP_NRT
24.76271,74.60774,306.91,0.47,0.4,2026-08-31,2040,N,VIIRS,n,2.0NRT,281.39,1.26,N,VIIRS_SNPP_NRT
24.76335,74.60571,303.34,0.47,0.4,2026-08-31,2040,N,VIIRS,n,2.0NRT,280.61,0.71,N,VIIRS_SNPP_NRT
25.3894,68.57961,315.17,0.36,0.57,2026-08-31,2040,N,VIIRS,n,2.0NRT,293.42,1.29,N,VIIRS_SNPP_NRT
27.71806,68.49272,313.32,0.39,0.59,2026-08-31,2040,N,VIIRS,n,2.0NRT,294.94,0.44,N,VIIRS_SNPP_NRT
28.42419,69.70075,308.69,0.33,0.55,2026-08-31,2040,N,VIIRS,n,2.0NRT,296.56,0.87,N,VIIRS_SNPP_NRT
15.1696,76.37997,296.09,0.39,0.36,2026-08-31,2042,N,VIIRS,n,2.0NRT,271.6,0.65,N,VIIRS_SNPP_NRT
15.65919,73.98986,315.41,0.41,0.37,2026-08-31,2042,N,VIIRS,n,2.0NRT,289.55,1.8,N,VIIRS_SNPP_NRT
17.06269,76.97835,306.39,0.39,0.36,2026-08-31,2042,N,VIIRS,n,2.0NRT,286.56,0.84,N,VIIRS_SNPP_NRT
17.43479,74.96613,307.73,0.4,0.37,2026-08-31,2042,N,VIIRS,n,2.0NRT,289.13,0.74,N,VIIRS_SNPP_NRT
18.42431,74.38948,307.81,0.42,0.38,2026-08-31,2042,N,VIIRS,n,2.0NRT,290.41,0.44,N,VIIRS_SNPP_NRT
18.59601,74.25494,317.81,0.43,0.38,2026-08-31,2042,N,VIIRS,n,2.0NRT,290.26,1.7,N,VIIRS_SNPP_NRT
18.68149,73.03835,311.06,0.48,0.4,2026-08-31,2042,N,VIIRS,n,2.0NRT,292.45,3.11,N,VIIRS_SNPP_NRT
18.68213,73.03376,305.47,0.48,0.4,2026-08-31,2042,N,VIIRS,n,2.0NRT,292.44,1.93,N,VIIRS_SNPP_NRT
18.68646,73.02973,306.48,0.48,0.4,2026-08-31,2042,N,VIIRS,n,2.0NRT,288.82,1.93,N,VIIRS_SNPP_NRT
19.36855,71.35361,312.3,0.41,0.45,2026-08-31,2042,N,VIIRS,n,2.0NRT,291.62,2.17,N,VIIRS_SNPP_NRT
7.39012,80.88872,318.01,0.51,0.49,2026-08-31,2044,N,VIIRS,n,2.0NRT,289.62,2.8,N,VIIRS_SNPP_NRT
7.39378,80.89077,334.68,0.51,0.49,2026-08-31,2044,N,VIIRS,n,2.0NRT,290.36,4.23,N,VIIRS_SNPP_NRT
7.39473,80.88899,324.22,0.51,0.49,2026-08-31,2044,N,VIIRS,n,2.0NRT,289.75,2.86,N,VIIRS_SNPP_NRT
8.09268,80.79333,316.15,0.49,0.48,2026-08-31,2044,N,VIIRS,n,2.0NRT,292.86,1.9,N,VIIRS_SNPP_NRT
8.11074,79.87141,312.18,0.42,0.45,2026-08-31,2044,N,VIIRS,n,2.0NRT,291.17,2.02,N,VIIRS_SNPP_NRT
8.11138,79.86758,306.74,0.42,0.45,2026-08-31,2044,N,VIIRS,n,2.0NRT,291.83,2.42,N,VIIRS_SNPP_NRT
8.11194,79.87071,322.48,0.42,0.45,2026-08-31,2044,N,VIIRS,n,2.0NRT,291.95,2.58,N,VIIRS_SNPP_NRT
8.74017,78.09332,306.91,0.49,0.4,2026-08-31,2044,N,VIIRS,n,2.0NRT,294.39,0.38,N,VIIRS_SNPP_NRT
10.41461,77.11382,305.75,0.43,0.38,2026-08-31,2044,N,VIIRS,n,2.0NRT,289.06,0.43,N,VIIRS_SNPP_NRT
10.94284,78.06322,316.81,0.46,0.39,2026-08-31,2044,N,VIIRS,n,2.0NRT,294.36,1.41,N,VIIRS_SNPP_NRT
11.08366,78.75399,311.37,0.5,0.41,2026-08-31,2044,N,VIIRS,n,2.0NRT,294.08,2.89,N,VIIRS_SNPP_NRT
11.18313,79.09899,304.24,0.51,0.41,2026-08-31,2044,N,VIIRS,n,2.0NRT,283.87,0.5,N,VIIRS_SNPP_NRT
11.80957,77.92274,309.05,0.44,0.39,2026-08-31,2044,N,VIIRS,n,2.0NRT,293.67,1.65,N,VIIRS_SNPP_NRT
11.81027,77.91869,306.89,0.44,0.39,2026-08-31,2044,N,VIIRS,n,2.0NRT,292.03,2.44,N,VIIRS_SNPP_NRT
11.81802,77.91586,308.19,0.44,0.39,2026-08-31,2044,N,VIIRS,n,2.0NRT,291.36,1.71,N,VIIRS_SNPP_NRT
12.59783,77.8851,299.48,0.43,0.38,2026-08-31,2044,N,VIIRS,n,2.0NRT,281.77,0.27,N,VIIRS_SNPP_NRT
12.60132,77.88569,308.19,0.43,0.38,2026-08-31,2044,N,VIIRS,n,2.0NRT,283.62,0.27,N,VIIRS_SNPP_NRT
6.19543,81.0187,334.15,0.39,0.44,2026-09-01,748,N,VIIRS,n,2.0NRT,296.73,3.17,D,VIIRS_SNPP_NRT
6.23883,81.20638,330.31,0.38,0.43,2026-09-01,748,N,VIIRS,n,2.0NRT,298.18,1.23,D,VIIRS_SNPP_NRT
6.32778,81.01263,342.68,0.39,0.44,2026-09-01,748,N,VIIRS,n,2.0NRT,298.03,2.71,D,VIIRS_SNPP_NRT
6.33772,81.34603,334.53,0.56,0.43,2026-09-01,748,N,VIIRS,n,2.0NRT,296.73,7.75,D,VIIRS_SNPP_NRT
6.33925,81.34753,335.71,0.56,0.43,2026-09-01,748,N,VIIRS,n,2.0NRT,296.64,4.21,D,VIIRS_SNPP_NRT
6.35255,81.13854,342.55,0.39,0.44,2026-09-01,748,N,VIIRS,n,2.0NRT,298.76,3.16,D,VIIRS_SNPP_NRT
6.39061,81.01627,348.9,0.39,0.44,2026-09-01,748,N,VIIRS,n,2.0NRT,298.11,5.79,D,VIIRS_SNPP_NRT
6.411,81.08882,331.91,0.39,0.44,2026-09-01,748,N,VIIRS,n,2.0NRT,296.1,0.85,D,VIIRS_SNPP_NRT
6.41308,81.00175,336.85,0.39,0.44,2026-09-01,748,N,VIIRS,n,2.0NRT,296.79,2.93,D,VIIRS_SNPP_NRT
6.56763,80.98006,331.95,0.39,0.44,2026-09-01,748,N,VIIRS,n,2.0NRT,298.34,2.46,D,VIIRS_SNPP_NRT
6.70304,81.54429,334.86,0.54,0.42,2026-09-01,748,N,VIIRS,n,2.0NRT,300.62,5.44,D,VIIRS_SNPP_NRT
6.7111,81.59296,332.59,0.54,0.42,2026-09-01,748,N,VIIRS,n,2.0NRT,299.56,5.1,D,VIIRS_SNPP_NRT
6.73593,81.59883,337.41,0.54,0.42,2026-09-01,748,N,VIIRS,n,2.0NRT,299.81,8.39,D,VIIRS_SNPP_NRT
6.73672,81.60365,335.05,0.54,0.42,2026-09-01,748,N,VIIRS,n,2.0NRT,299.25,13.03,D,VIIRS_SNPP_NRT
6.74266,81.51804,337.49,0.54,0.42,2026-09-01,748,N,VIIRS,n,2.0NRT,300.14,2.55,D,VIIRS_SNPP_NRT
6.80369,81.52106,336.16,0.54,0.42,2026-09-01,748,N,VIIRS,n,2.0NRT,302.28,5.57,D,VIIRS_SNPP_NRT
6.81535,81.51917,338.94,0.54,0.42,2026-09-01,748,N,VIIRS,n,2.0NRT,300.72,3.0,D,VIIRS_SNPP_NRT
6.8355,81.49601,333.16,0.54,0.42,2026-09-01,748,N,VIIRS,n,2.0NRT,299.88,9.59,D,VIIRS_SNPP_NRT
6.83939,81.49536,345.89,0.54,0.42,2026-09-01,748,N,VIIRS,n,2.0NRT,300.37,9.59,D,VIIRS_SNPP_NRT
6.84047,81.57497,346.36,0.54,0.42,2026-09-01,748,N,VIIRS,n,2.0NRT,305.15,12.38,D,VIIRS_SNPP_NRT
6.84425,81.54947,337.98,0.54,0.42,2026-09-01,748,N,VIIRS,n,2.0NRT,299.8,10.33,D,VIIRS_SNPP_NRT
6.84813,81.54882,337.81,0.54,0.42,2026-09-01,748,N,VIIRS,n,2.0NRT,299.9,10.33,D,VIIRS_SNPP_NRT
6.85314,81.40752,335.08,0.55,0.43,2026-09-01,748,N,VIIRS,n,2.0NRT,298.04,6.24,D,VIIRS_SNPP_NRT
6.93935,81.63994,336.24,0.53,0.42,2026-09-01,748,N,VIIRS,n,2.0NRT,302.51,5.6,D,VIIRS_SNPP_NRT
7.07303,81.20502,334.73,0.56,0.43,2026-09-01,748,N,VIIRS,n,2.0NRT,295.76,8.49,D,VIIRS_SNPP_NRT
7.07577,81.20669,341.39,0.56,0.43,2026-09-01,748,N,VIIRS,n,2.0NRT,296.1,9.04,D,VIIRS_SNPP_NRT
7.07607,81.5708,333.41,0.53,0.42,2026-09-01,748,N,VIIRS,n,2.0NRT,298.72,6.13,D,VIIRS_SNPP_NRT
7.09516,81.44301,345.55,0.54,0.42,2026-09-01,748,N,VIIRS,n,2.0NRT,296.11,12.36,D,VIIRS_SNPP_NRT
7.0955,81.44486,334.54,0.54,0.42,2026-09-01,748,N,VIIRS,n,2.0NRT,294.82,9.23,D,VIIRS_SNPP_NRT
7.16827,81.57197,331.95,0.53,0.42,2026-09-01,748,N,VIIRS,n,2.0NRT,300.12,6.23,D,VIIRS_SNPP_NRT
7.21606,81.76827,341.2,0.52,0.41,2026-09-01,748,N,VIIRS,l,2.0NRT,305.45,19.17,D,VIIRS_SNPP_NRT
7.28933,81.79167,340.16,0.51,0.41,2026-09-01,748,N,VIIRS,n,2.0NRT,305.52,11.09,D,VIIRS_SNPP_NRT
7.31592,81.76345,344.78,0.52,0.41,2026-09-01,748,N,VIIRS,n,2.0NRT,306.04,12.39,D,VIIRS_SNPP_NRT
7.32506,81.74758,333.99,0.52,0.41,2026-09-01,748,N,VIIRS,l,2.0NRT,305.24,6.03,D,VIIRS_SNPP_NRT
7.33726,81.72639,335.03,0.52,0.41,2026-09-01,748,N,VIIRS,l,2.0NRT,305.25,5.18,D,VIIRS_SNPP_NRT
7.35682,81.82351,333.2,0.51,0.41,2026-09-01,748,N,VIIRS,l,2.0NRT,304.05,6.09,D,VIIRS_SNPP_NRT
7.29757,81.14172,334.94,0.56,0.43,2026-09-01,750,N,VIIRS,n,2.0NRT,303.89,6.16,D,VIIRS_SNPP_NRT
7.36199,81.50616,333.35,0.53,0.42,2026-09-01,750,N,VIIRS,n,2.0NRT,299.67,3.82,D,VIIRS_SNPP_NRT
7.39489,81.77684,334.29,0.51,0.41,2026-09-01,750,N,VIIRS,l,2.0NRT,304.8,7.48,D,VIIRS_SNPP_NRT
7.40997,81.6543,333.78,0.52,0.42,2026-09-01,750,N,VIIRS,l,2.0NRT,300.98,6.13,D,VIIRS_SNPP_NRT
7.42719,81.31733,331.73,0.54,0.42,2026-09-01,750,N,VIIRS,l,2.0NRT,301.93,5.35,D,VIIRS_SNPP_NRT
7.45584,81.64682,333.5,0.52,0.42,2026-09-01,750,N,VIIRS,l,2.0NRT,302.99,7.83,D,VIIRS_SNPP_NRT
7.45856,81.64819,334.63,0.52,0.42,2026-09-01,750,N,VIIRS,l,2.0NRT,303.56,6.24,D,VIIRS_SNPP_NRT
7.63038,81.58308,335.51,0.52,0.42,2026-09-01,750,N,VIIRS,l,2.0NRT,305.32,6.87,D,VIIRS_SNPP_NRT
7.6342,81.58244,344.19,0.52,0.42,2026-09-01,750,N,VIIRS,n,2.0NRT,304.4,6.87,D,VIIRS_SNPP_NRT
7.7604,81.24961,340.95,0.54,0.42,2026-09-01,750,N,VIIRS,n,2.0NRT,309.62,10.62,D,VIIRS_SNPP_NRT
7.78377,80.22298,339.76,0.42,0.45,2026-09-01,750,N,VIIRS,n,2.0NRT,293.66,2.66,D,VIIRS_SNPP_NRT
7.78867,80.81643,342.48,0.38,0.44,2026-09-01,750,N,VIIRS,n,2.0NRT,302.57,4.63,D,VIIRS_SNPP_NRT
7.79142,81.55624,333.11,0.52,0.42,2026-09-01,750,N,VIIRS,l,2.0NRT,304.23,6.01,D,VIIRS_SNPP_NRT
7.85497,80.34256,338.68,0.41,0.45,2026-09-01,750,N,VIIRS,n,2.0NRT,296.96,4.45,D,VIIRS_SNPP_NRT
7.86408,81.44665,348.6,0.53,0.42,2026-09-01,750,N,VIIRS,n,2.0NRT,303.81,9.12,D,VIIRS_SNPP_NRT
7.86625,81.44823,343.45,0.53,0.42,2026-09-01,750,N,VIIRS,n,2.0NRT,304.19,9.31,D,VIIRS_SNPP_NRT
7.8685,81.43804,334.4,0.53,0.42,2026-09-01,750,N,VIIRS,n,2.0NRT,303.13,4.72,D,VIIRS_SNPP_NRT
7.90392,80.63752,333.93,0.39,0.44,2026-09-01,750,N,VIIRS,n,2.0NRT,299.19,1.99,D,VIIRS_SNPP_NRT
7.94456,81.37131,332.56,0.53,0.42,2026-09-01,750,N,VIIRS,l,2.0NRT,304.36,3.65,D,VIIRS_SNPP_NRT
7.94534,81.37614,337.02,0.53,0.42,2026-09-01,750,N,VIIRS,n,2.0NRT,303.27,3.65,D,VIIRS_SNPP_NRT
7.94756,81.31615,343.2,0.54,0.42,2026-09-01,750,N,VIIRS,n,2.0NRT,304.45,8.89,D,VIIRS_SNPP_NRT
7.94843,81.31799,338.51,0.54,0.42,2026-09-01,750,N,VIIRS,n,2.0NRT,303.64,9.05,D,VIIRS_SNPP_NRT
7.95932,80.72301,331.21,0.39,0.44,2026-09-01,750,N,VIIRS,n,2.0NRT,300.94,4.06,D,VIIRS_SNPP_NRT
7.96034,80.72224,330.53,0.39,0.44,2026-09-01,750,N,VIIRS,l,2.0NRT,300.93,3.5,D,VIIRS_SNPP_NRT
7.96814,80.59685,347.3,0.39,0.44,2026-09-01,750,N,VIIRS,n,2.0NRT,298.24,6.47,D,VIIRS_SNPP_NRT
7.98507,80.62343,330.99,0.39,0.44,2026-09-01,750,N,VIIRS,n,2.0NRT,299.01,3.46,D,VIIRS_SNPP_NRT
8.00779,81.43661,330.8,0.53,0.42,2026-09-01,750,N,VIIRS,l,2.0NRT,304.26,6.68,D,VIIRS_SNPP_NRT
8.03059,80.59743,339.51,0.39,0.44,2026-09-01,750,N,VIIRS,n,2.0NRT,300.21,3.18,D,VIIRS_SNPP_NRT
8.03119,81.28948,349.71,0.54,0.42,2026-09-01,750,N,VIIRS,n,2.0NRT,307.0,20.57,D,VIIRS_SNPP_NRT
8.13979,81.4119,332.42,0.53,0.42,2026-09-01,750,N,VIIRS,l,2.0NRT,300.93,4.71,D,VIIRS_SNPP_NRT
8.18792,80.69052,340.57,0.39,0.44,2026-09-01,750,N,VIIRS,n,2.0NRT,301.84,6.26,D,VIIRS_SNPP_NRT
8.24386,80.60502,340.11,0.39,0.44,2026-09-01,750,N,VIIRS,n,2.0NRT,301.48,4.93,D,VIIRS_SNPP_NRT
8.26053,80.58041,342.01,0.39,0.44,2026-09-01,750,N,VIIRS,n,2.0NRT,300.71,7.81,D,VIIRS_SNPP_NRT
8.26432,80.55347,334.0,0.39,0.44,2026-09-01,750,N,VIIRS,n,2.0NRT,298.06,4.08,D,VIIRS_SNPP_NRT
8.29291,77.57172,340.35,0.61,0.54,2026-09-01,750,N,VIIRS,n,2.0NRT,300.05,3.49,D,VIIRS_SNPP_NRT
8.29877,80.15601,343.71,0.42,0.45,2026-09-01,750,N,VIIRS,n,2.0NRT,301.32,18.87,D,VIIRS_SNPP_NRT
8.30062,80.15585,344.61,0.41,0.45,2026-09-01,750,N,VIIRS,n,2.0NRT,303.18,19.56,D,VIIRS_SNPP_NRT
8.30368,81.01878,337.15,0.55,0.43,2026-09-01,750,N,VIIRS,n,2.0NRT,299.13,6.15,D,VIIRS_SNPP_NRT
8.3076,81.01814,336.04,0.55,0.43,2026-09-01,750,N,VIIRS,n,2.0NRT,298.71,6.15,D,VIIRS_SNPP_NRT
8.3114,80.28439,343.65,0.41,0.45,2026-09-01,750,N,VIIRS,n,2.0NRT,300.84,2.5,D,VIIRS_SNPP_NRT
8.31414,80.28391,339.16,0.41,0.45,2026-09-01,750,N,VIIRS,n,2.0NRT,301.37,3.4,D,VIIRS_SNPP_NRT
8.32899,80.29664,333.49,0.41,0.45,2026-09-01,750,N,VIIRS,n,2.0NRT,300.35,3.46,D,VIIRS_SNPP_NRT
8.34424,80.18712,332.68,0.41,0.45,2026-09-01,750,N,VIIRS,n,2.0NRT,301.94,6.2,D,VIIRS_SNPP_NRT
8.349,80.19014,331.08,0.41,0.45,2026-09-01,750,N,VIIRS,l,2.0NRT,301.86,4.48,D,VIIRS_SNPP_NRT
8.35582,80.28069,331.43,0.41,0.45,2026-09-01,750,N,VIIRS,l,2.0NRT,301.46,3.73,D,VIIRS_SNPP_NRT
8.36403,80.27928,346.99,0.41,0.45,2026-09-01,750,N,VIIRS,n,2.0NRT,302.44,6.03,D,VIIRS_SNPP_NRT
8.37648,81.04984,336.23,0.55,0.43,2026-09-01,750,N,VIIRS,n,2.0NRT,302.95,12.25,D,VIIRS_SNPP_NRT
8.37836,80.6104,344.11,0.39,0.44,2026-09-01,750,N,VIIRS,n,2.0NRT,305.36,6.35,D,VIIRS_SNPP_NRT
8.38429,81.04854,349.85,0.55,0.43,2026-09-01,750,N,VIIRS,n,2.0NRT,306.78,22.09,D,VIIRS_SNPP_NRT
8.38557,80.25662,344.78,0.41,0.45,2026-09-01,750,N,VIIRS,n,2.0NRT,299.85,10.02,D,VIIRS_SNPP_NRT
8.39226,81.16862,331.78,0.54,0.42,2026-09-01,750,N,VIIRS,n,2.0NRT,295.94,5.92,D,VIIRS_SNPP_NRT
8.40258,80.63156,352.12,0.39,0.44,2026-09-01,750,N,VIIRS,n,2.0NRT,303.59,8.98,D,VIIRS_SNPP_NRT
8.40672,80.25681,337.52,0.41,0.45,2026-09-01,750,N,VIIRS,n,2.0NRT,301.7,6.7,D,VIIRS_SNPP_NRT
8.40733,80.26052,332.36,0.41,0.45,2026-09-01,750,N,VIIRS,n,2.0NRT,299.62,3.39,D,VIIRS_SNPP_NRT
8.41083,80.25612,338.4,0.41,0.45,2026-09-01,750,N,VIIRS,n,2.0NRT,297.36,4.26,D,VIIRS_SNPP_NRT
8.41403,80.62608,341.23,0.39,0.44,2026-09-01,750,N,VIIRS,n,2.0NRT,300.18,6.92,D,VIIRS_SNPP_NRT
8.41644,80.41689,331.79,0.4,0.44,2026-09-01,750,N,VIIRS,l,2.0NRT,302.89,2.04,D,VIIRS_SNPP_NRT
8.41854,80.18941,334.78,0.41,0.45,2026-09-01,750,N,VIIRS,n,2.0NRT,299.92,4.82,D,VIIRS_SNPP_NRT
8.42361,80.5847,331.75,0.39,0.44,2026-09-01,750,N,VIIRS,l,2.0NRT,303.93,6.09,D,VIIRS_SNPP_NRT
8.43706,80.33877,330.46,0.4,0.44,2026-09-01,750,N,VIIRS,l,2.0NRT,301.29,4.04,D,VIIRS_SNPP_NRT
8.44123,80.37093,334.63,0.4,0.44,2026-09-01,750,N,VIIRS,n,2.0NRT,299.81,1.9,D,VIIRS_SNPP_NRT
8.44242,80.37146,337.13,0.4,0.44,2026-09-01,750,N,VIIRS,n,2.0NRT,299.87,4.32,D,VIIRS_SNPP_NRT
8.45904,80.40157,331.54,0.4,0.44,2026-09-01,750,N,VIIRS,n,2.0NRT,301.2,2.31,D,VIIRS_SNPP_NRT
8.4631,80.4009,339.49,0.4,0.44,2026-09-01,750,N,VIIRS,n,2.0NRT,303.21,2.31,D,VIIRS_SNPP_NRT
8.46341,81.0887,337.52,0.54,0.42,2026-09-01,750,N,VIIRS,n,2.0NRT,299.74,15.6,D,VIIRS_SNPP_NRT
8.46372,80.40453,338.04,0.4,0.44,2026-09-01,750,N,VIIRS,n,2.0NRT,301.63,2.31,D,VIIRS_SNPP_NRT
8.46717,80.40021,339.96,0.4,0.44,2026-09-01,750,N,VIIRS,n,2.0NRT,301.11,2.9,D,VIIRS_SNPP_NRT
8.4673,81.08805,337.73,0.54,0.42,2026-09-01,750,N,VIIRS,n,2.0NRT,298.79,7.07,D,VIIRS_SNPP_NRT
8.46778,80.40383,341.57,0.4,0.44,2026-09-01,750,N,VIIRS,n,2.0NRT,301.31,2.9,D,VIIRS_SNPP_NRT
8.47152,80.72465,336.85,0.57,0.43,2026-09-01,750,N,VIIRS,n,2.0NRT,303.91,11.25,D,VIIRS_SNPP_NRT
8.4955,80.82083,335.09,0.56,0.43,2026-09-01,750,N,VIIRS,n,2.0NRT,301.08,16.97,D,VIIRS_SNPP_NRT
8.49863,80.81506,333.72,0.56,0.43,2026-09-01,750,N,VIIRS,n,2.0NRT,302.59,16.97,D,VIIRS_SNPP_NRT
8.49946,80.82017,339.21,0.56,0.43,2026-09-01,750,N,VIIRS,n,2.0NRT,303.5,16.97,D,VIIRS_SNPP_NRT
8.51547,80.31347,343.83,0.4,0.44,2026-09-01,750,N,VIIRS,n,2.0NRT,295.89,5.43,D,VIIRS_SNPP_NRT
8.51704,80.59698,352.54,0.39,0.44,2026-09-01,750,N,VIIRS,n,2.0NRT,301.92,6.85,D,VIIRS_SNPP_NRT
8.51814,80.67673,338.07,0.57,0.43,2026-09-01,750,N,VIIRS,n,2.0NRT,301.34,8.72,D,VIIRS_SNPP_NRT
8.51878,80.7773,342.57,0.57,0.43,2026-09-01,750,N,VIIRS,n,2.0NRT,303.99,4.06,D,VIIRS_SNPP_NRT
8.51968,80.43941,331.47,0.4,0.44,2026-09-01,750,N,VIIRS,l,2.0NRT,302.34,2.88,D,VIIRS_SNPP_NRT
8.52105,80.59629,352.43,0.39,0.44,2026-09-01,750,N,VIIRS,n,2.0NRT,300.61,6.85,D,VIIRS_SNPP_NRT
8.52566,80.47535,347.97,0.39,0.44,2026-09-01,750,N,VIIRS,n,2.0NRT,298.71,3.79,D,VIIRS_SNPP_NRT
8.52771,80.89381,335.66,0.56,0.43,2026-09-01,750,N,VIIRS,n,2.0NRT,299.91,6.84,D,VIIRS_SNPP_NRT
8.54025,80.51318,345.63,0.39,0.44,2026-09-01,750,N,VIIRS,n,2.0NRT,303.93,9.03,D,VIIRS_SNPP_NRT
8.54781,80.68247,340.66,0.57,0.43,2026-09-01,750,N,VIIRS,n,2.0NRT,302.43,8.51,D,VIIRS_SNPP_NRT
8.56386,80.50555,335.67,0.39,0.44,2026-09-01,750,N,VIIRS,n,2.0NRT,301.18,3.19,D,VIIRS_SNPP_NRT
8.56749,80.72697,337.61,0.57,0.43,2026-09-01,750,N,VIIRS,n,2.0NRT,299.82,6.93,D,VIIRS_SNPP_NRT
8.56789,80.50488,340.09,0.39,0.44,2026-09-01,750,N,VIIRS,n,2.0NRT,299.06,2.13,D,VIIRS_SNPP_NRT
8.56902,80.48644,333.01,0.39,0.44,2026-09-01,750,N,VIIRS,n,2.0NRT,301.82,4.42,D,VIIRS_SNPP_NRT
8.5695,80.76366,338.63,0.57,0.43,2026-09-01,750,N,VIIRS,n,2.0NRT,304.65,9.39,D,VIIRS_SNPP_NRT
8.57147,80.7263,333.54,0.57,0.43,2026-09-01,750,N,VIIRS,n,2.0NRT,298.68,4.61,D,VIIRS_SNPP_NRT
8.57321,80.5876,332.23,0.39,0.44,2026-09-01,750,N,VIIRS,n,2.0NRT,301.85,4.19,D,VIIRS_SNPP_NRT
8.574,80.66736,342.42,0.57,0.43,2026-09-01,750,N,VIIRS,n,2.0NRT,301.94,36.79,D,VIIRS_SNPP_NRT
8.57504,80.4455,345.29,0.39,0.44,2026-09-01,750,N,VIIRS,n,2.0NRT,302.14,4.18,D,VIIRS_SNPP_NRT
8.57664,80.58342,331.51,0.39,0.44,2026-09-01,750,N,VIIRS,l,2.0NRT,303.41,6.1,D,VIIRS_SNPP_NRT
8.57722,80.58692,344.12,0.39,0.44,2026-09-01,750,N,VIIRS,n,2.0NRT,303.41,4.19,D,VIIRS_SNPP_NRT
8.59583,80.77507,336.18,0.56,0.43,2026-09-01,750,N,VIIRS,n,2.0NRT,297.34,6.36,D,VIIRS_SNPP_NRT
8.59837,80.79054,334.4,0.56,0.43,2026-09-01,750,N,VIIRS,n,2.0NRT,300.96,5.22,D,VIIRS_SNPP_NRT
8.60734,80.91888,339.09,0.55,0.43,2026-09-01,750,N,VIIRS,n,2.0NRT,304.42,7.46,D,VIIRS_SNPP_NRT
8.60837,80.85137,338.67,0.56,0.43,2026-09-01,750,N,VIIRS,n,2.0NRT,305.61,11.2,D,VIIRS_SNPP_NRT
8.62578,80.64729,337.07,0.38,0.43,2026-09-01,750,N,VIIRS,n,2.0NRT,301.26,9.51,D,VIIRS_SNPP_NRT
8.65193,80.82672,341.22,0.56,0.43,2026-09-01,750,N,VIIRS,n,2.0NRT,303.08,8.57,D,VIIRS_SNPP_NRT
8.65909,80.69933,332.35,0.57,0.43,2026-09-01,750,N,VIIRS,n,2.0NRT,301.39,4.65,D,VIIRS_SNPP_NRT
8.66735,80.72438,336.5,0.57,0.43,2026-09-01,750,N,VIIRS,n,2.0NRT,302.11,7.16,D,VIIRS_SNPP_NRT
8.67641,80.90026,335.43,0.55,0.43,2026-09-01,750,N,VIIRS,n,2.0NRT,301.67,7.77,D,VIIRS_SNPP_NRT
8.68091,80.87888,334.14,0.56,0.43,2026-09-01,750,N,VIIRS,n,2.0NRT,301.98,7.56,D,VIIRS_SNPP_NRT
8.68468,81.02161,349.12,0.54,0.42,2026-09-01,750,N,VIIRS,n,2.0NRT,303.14,22.07,D,VIIRS_SNPP_NRT
8.68568,80.88323,333.31,0.55,0.43,2026-09-01,750,N,VIIRS,n,2.0NRT,299.08,9.97,D,VIIRS_SNPP_NRT
8.68774,81.01603,332.11,0.54,0.42,2026-09-01,750,N,VIIRS,n,2.0NRT,299.8,4.45,D,VIIRS_SNPP_NRT
8.69272,78.05309,339.6,0.56,0.52,2026-09-01,750,N,VIIRS,n,2.0NRT,301.29,4.6,D,VIIRS_SNPP_NRT
8.69322,78.05519,347.78,0.56,0.52,2026-09-01,750,N,VIIRS,n,2.0NRT,301.94,6.31,D,VIIRS_SNPP_NRT
8.69359,78.05819,331.91,0.56,0.52,2026-09-01,750,N,VIIRS,n,2.0NRT,300.81,4.74,D,VIIRS_SNPP_NRT
8.70056,80.87553,331.19,0.56,0.43,2026-09-01,750,N,VIIRS,n,2.0NRT,300.82,13.58,D,VIIRS_SNPP_NRT
8.74317,80.18766,343.55,0.41,0.45,2026-09-01,750,N,VIIRS,n,2.0NRT,298.99,5.11,D,VIIRS_SNPP_NRT
8.86808,80.87281,330.89,0.55,0.43,2026-09-01,750,N,VIIRS,l,2.0NRT,301.1,5.24,D,VIIRS_SNPP_NRT
8.89549,80.42211,338.63,0.39,0.44,2026-09-01,750,N,VIIRS,n,2.0NRT,301.45,12.27,D,VIIRS_SNPP_NRT
8.8961,80.42565,343.18,0.39,0.44,2026-09-01,750,N,VIIRS,n,2.0NRT,303.43,12.27,D,VIIRS_SNPP_NRT
8.91162,80.4194,340.85,0.39,0.44,2026-09-01,750,N,VIIRS,n,2.0NRT,301.46,5.7,D,VIIRS_SNPP_NRT
8.9195,80.3924,332.26,0.39,0.44,2026-09-01,750,N,VIIRS,l,2.0NRT,304.48,5.41,D,VIIRS_SNPP_NRT
8.92028,80.4216,332.13,0.39,0.44,2026-09-01,750,N,VIIRS,l,2.0NRT,303.85,8.63,D,VIIRS_SNPP_NRT
8.92294,80.38815,344.04,0.39,0.44,2026-09-01,750,N,VIIRS,n,2.0NRT,301.73,11.59,D,VIIRS_SNPP_NRT
9.02756,80.16605,334.03,0.4,0.45,2026-09-01,750,N,VIIRS,n,2.0NRT,300.17,2.26,D,VIIRS_SNPP_NRT
9.02817,80.16972,332.18,0.4,0.44,2026-09-01,750,N,VIIRS,n,2.0NRT,300.5,2.67,D,VIIRS_SNPP_NRT
9.05315,80.14268,340.69,0.4,0.45,2026-09-01,750,N,VIIRS,n,2.0NRT,302.74,6.08,D,VIIRS_SNPP_NRT
9.05558,80.14168,337.68,0.4,0.45,2026-09-01,750,N,VIIRS,n,2.0NRT,302.26,4.72,D,VIIRS_SNPP_NRT
9.08676,79.74698,335.52,0.43,0.46,2026-09-01,750,N,VIIRS,n,2.0NRT,302.37,2.14,D,VIIRS_SNPP_NRT
9.08716,79.74696,339.59,0.43,0.46,2026-09-01,750,N,VIIRS,n,2.0NRT,302.9,6.52,D,VIIRS_SNPP_NRT
9.08741,79.75088,330.38,0.43,0.46,2026-09-01,750,N,VIIRS,l,2.0NRT,301.39,2.14,D,VIIRS_SNPP_NRT
9.10153,80.28739,338.19,0.4,0.44,2026-09-01,750,N,VIIRS,n,2.0NRT,304.88,3.67,D,VIIRS_SNPP_NRT
9.10582,80.31257,333.64,0.39,0.44,2026-09-01,750,N,VIIRS,l,2.0NRT,304.01,2.27,D,VIIRS_SNPP_NRT
9.11247,80.27811,336.96,0.4,0.44,2026-09-01,750,N,VIIRS,n,2.0NRT,306.35,6.48,D,VIIRS_SNPP_NRT
9.24176,80.27779,338.33,0.39,0.44,2026-09-01,750,N,VIIRS,n,2.0NRT,305.64,7.03,D,VIIRS_SNPP_NRT
9.25795,80.27505,330.46,0.39,0.44,2026-09-01,750,N,VIIRS,l,2.0NRT,304.59,6.81,D,VIIRS_SNPP_NRT
9.39288,80.43707,367.0,0.38,0.43,2026-09-01,750,N,VIIRS,h,2.0NRT,305.78,11.04,D,VIIRS_SNPP_NRT
9.39346,80.44057,343.24,0.38,0.43,2026-09-01,750,N,VIIRS,n,2.0NRT,304.09,11.04,D,VIIRS_SNPP_NRT
9.39688,80.43639,348.3,0.38,0.43,2026-09-01,750,N,VIIRS,n,2.0NRT,303.23,6.2,D,VIIRS_SNPP_NRT
9.40603,80.44202,334.62,0.38,0.43,2026-09-01,750,N,VIIRS,n,2.0NRT,302.84,1.33,D,VIIRS_SNPP_NRT
9.41327,80.36134,342.93,0.39,0.44,2026-09-01,750,N,VIIRS,n,2.0NRT,302.94,3.55,D,VIIRS_SNPP_NRT
9.41424,80.36042,332.41,0.39,0.44,2026-09-01,750,N,VIIRS,l,2.0NRT,302.67,3.02,D,VIIRS_SNPP_NRT
9.41566,80.40079,347.73,0.39,0.44,2026-09-01,750,N,VIIRS,n,2.0NRT,305.36,4.54,D,VIIRS_SNPP_NRT
9.41568,80.39275,330.74,0.39,0.44,2026-09-01,750,N,VIIRS,l,2.0NRT,302.54,1.94,D,VIIRS_SNPP_NRT
9.41628,80.39626,342.87,0.39,0.44,2026-09-01,750,N,VIIRS,n,2.0NRT,303.93,3.96,D,VIIRS_SNPP_NRT
9.41689,80.39977,342.6,0.39,0.44,2026-09-01,750,N,VIIRS,n,2.0NRT,305.49,3.96,D,VIIRS_SNPP_NRT
9.41749,80.40327,338.11,0.39,0.44,2026-09-01,750,N,VIIRS,n,2.0NRT,305.15,4.57,D,VIIRS_SNPP_NRT
9.41908,80.39658,330.1,0.39,0.44,2026-09-01,750,N,VIIRS,l,2.0NRT,303.87,4.54,D,VIIRS_SNPP_NRT
9.42139,80.41061,337.98,0.39,0.44,2026-09-01,750,N,VIIRS,n,2.0NRT,303.28,2.16,D,VIIRS_SNPP_NRT
9.42197,80.41412,333.99,0.38,0.44,2026-09-01,750,N,VIIRS,n,2.0NRT,303.32,2.16,D,VIIRS_SNPP_NRT
9.4227,80.40959,343.88,0.38,0.44,2026-09-01,750,N,VIIRS,n,2.0NRT,303.37,4.15,D,VIIRS_SNPP_NRT
9.4233,80.41309,349.88,0.38,0.44,2026-09-01,750,N,VIIRS,n,2.0NRT,304.67,4.15,D,VIIRS_SNPP_NRT
9.4273,80.41241,367.0,0.38,0.44,2026-09-01,750,N,VIIRS,h,2.0NRT,305.8,10.51,D,VIIRS_SNPP_NRT
9.4283,80.39423,333.51,0.39,0.44,2026-09-01,750,N,VIIRS,l,2.0NRT,304.04,2.36,D,VIIRS_SNPP_NRT
9.44431,80.39148,340.36,0.39,0.44,2026-09-01,750,N,VIIRS,n,2.0NRT,303.64,3.35,D,VIIRS_SNPP_NRT
9.53506,80.38695,342.55,0.38,0.44,2026-09-01,750,N,VIIRS,n,2.0NRT,304.4,25.84,D,VIIRS_SNPP_NRT
9.57735,78.58523,342.46,0.5,0.49,2026-09-01,750,N,VIIRS,n,2.0NRT,305.45,8.92,D,VIIRS_SNPP_NRT
9.60892,79.98938,345.28,0.41,0.45,2026-09-01,750,N,VIIRS,n,2.0NRT,302.98,4.83,D,VIIRS_SNPP_NRT
9.63981,80.21948,335.9,0.39,0.44,2026-09-01,750,N,VIIRS,n,2.0NRT,300.71,2.34,D,VIIRS_SNPP_NRT
9.64288,80.3102,333.48,0.39,0.44,2026-09-01,750,N,VIIRS,n,2.0NRT,302.49,4.14,D,VIIRS_SNPP_NRT
9.6828,79.86526,331.06,0.41,0.45,2026-09-01,750,N,VIIRS,l,2.0NRT,302.61,2.81,D,VIIRS_SNPP_NRT
9.77143,78.21916,333.13,0.52,0.5,2026-09-01,750,N,VIIRS,n,2.0NRT,302.84,3.49,D,VIIRS_SNPP_NRT
9.8107,78.22701,330.36,0.52,0.5,2026-09-01,750,N,VIIRS,l,2.0NRT,302.93,3.51,D,VIIRS_SNPP_NRT
9.95757,77.88288,336.99,0.55,0.51,2026-09-01,750,N,VIIRS,n,2.0NRT,305.57,8.44,D,VIIRS_SNPP_NRT
9.95914,77.88472,337.66,0.55,0.51,2026-09-01,750,N,VIIRS,n,2.0NRT,305.78,11.36,D,VIIRS_SNPP_NRT
9.96654,77.89884,339.99,0.55,0.51,2026-09-01,750,N,VIIRS,n,2.0NRT,305.78,6.17,D,VIIRS_SNPP_NRT
9.96955,77.89621,343.87,0.55,0.51,2026-09-01,750,N,VIIRS,n,2.0NRT,306.5,13.59,D,VIIRS_SNPP_NRT
9.99659,77.51824,343.88,0.58,0.52,2026-09-01,750,N,VIIRS,n,2.0NRT,303.84,3.0,D,VIIRS_SNPP_NRT
9.99667,77.52258,334.74,0.58,0.52,2026-09-01,750,N,VIIRS,n,2.0NRT,303.41,8.15,D,VIIRS_SNPP_NRT
10.015,78.08784,345.21,0.53,0.5,2026-09-01,750,N,VIIRS,n,2.0NRT,304.53,8.15,D,VIIRS_SNPP_NRT
10.38719,79.27933,343.55,0.44,0.46,2026-09-01,750,N,VIIRS,n,2.0NRT,305.99,11.34,D,VIIRS_SNPP_NRT
10.44507,78.80642,332.13,0.47,0.48,2026-09-01,750,N,VIIRS,l,2.0NRT,302.64,3.98,D,VIIRS_SNPP_NRT
10.44559,78.8073,332.18,0.47,0.48,2026-09-01,750,N,VIIRS,n,2.0NRT,301.71,5.72,D,VIIRS_SNPP_NRT
10.67588,78.80834,334.64,0.46,0.47,2026-09-01,750,N,VIIRS,l,2.0NRT,305.76,4.1,D,VIIRS_SNPP_NRT
10.74769,78.83463,344.12,0.46,0.47,2026-09-01,750,N,VIIRS,n,2.0NRT,306.06,6.13,D,VIIRS_SNPP_NRT
10.77378,78.65028,335.4,0.47,0.48,2026-09-01,750,N,VIIRS,l,2.0NRT,307.67,5.62,D,VIIRS_SNPP_NRT
10.86091,79.81236,332.03,0.4,0.44,2026-09-01,750,N,VIIRS,n,2.0NRT,298.78,0.93,D,VIIRS_SNPP_NRT
11.00781,77.43622,332.41,0.56,0.52,2026-09-01,750,N,VIIRS,n,2.0NRT,299.6,7.15,D,VIIRS_SNPP_NRT
11.01218,79.41254,334.72,0.42,0.45,2026-09-01,750,N,VIIRS,n,2.0NRT,302.36,1.56,D,VIIRS_SNPP_NRT
11.01958,79.83994,336.41,0.39,0.44,2026-09-01,750,N,VIIRS,n,2.0NRT,303.87,2.22,D,VIIRS_SNPP_NRT
11.14795,78.03258,336.34,0.51,0.49,2026-09-01,750,N,VIIRS,n,2.0NRT,300.6,4.53,D,VIIRS_SNPP_NRT
11.69378,79.12559,336.91,0.43,0.46,2026-09-01,750,N,VIIRS,n,2.0NRT,304.65,3.94,D,VIIRS_SNPP_NRT
11.69394,79.12669,334.62,0.43,0.46,2026-09-01,750,N,VIIRS,l,2.0NRT,305.59,5.89,D,VIIRS_SNPP_NRT
11.69813,79.12595,355.18,0.43,0.46,2026-09-01,750,N,VIIRS,n,2.0NRT,304.79,5.89,D,VIIRS_SNPP_NRT
11.83094,79.66526,331.46,0.39,0.44,2026-09-01,750,N,VIIRS,l,2.0NRT,303.93,1.86,D,VIIRS_SNPP_NRT
12.05853,79.84698,331.63,0.57,0.43,2026-09-01,750,N,VIIRS,n,2.0NRT,299.32,3.58,D,VIIRS_SNPP_NRT
12.09285,79.56569,341.02,0.39,0.44,2026-09-01,750,N,VIIRS,n,2.0NRT,303.15,4.53,D,VIIRS_SNPP_NRT
12.09304,79.56533,342.44,0.39,0.44,2026-09-01,750,N,VIIRS,n,2.0NRT,303.39,2.38,D,VIIRS_SNPP_NRT
12.13102,78.14007,332.63,0.49,0.48,2026-09-01,750,N,VIIRS,n,2.0NRT,299.71,8.28,D,VIIRS_SNPP_NRT
12.38799,79.56133,332.27,0.39,0.44,2026-09-01,750,N,VIIRS,n,2.0NRT,303.14,2.06,D,VIIRS_SNPP_NRT
12.55496,79.97733,343.27,0.55,0.43,2026-09-01,750,N,VIIRS,n,2.0NRT,303.72,6.59,D,VIIRS_SNPP_NRT
12.63548,79.86098,334.7,0.56,0.43,2026-09-01,750,N,VIIRS,n,2.0NRT,302.52,5.87,D,VIIRS_SNPP_NRT
12.6515,79.40098,337.49,0.4,0.44,2026-09-01,750,N,VIIRS,n,2.0NRT,301.46,2.19,D,VIIRS_SNPP_NRT
12.65554,79.40025,336.68,0.4,0.44,2026-09-01,750,N,VIIRS,n,2.0NRT,302.28,2.19,D,VIIRS_SNPP_NRT
12.8083,79.95654,331.11,0.55,0.43,2026-09-01,750,N,VIIRS,l,2.0NRT,302.28,3.64,D,VIIRS_SNPP_NRT
12.82044,79.10441,338.59,0.41,0.45,2026-09-01,750,N,VIIRS,n,2.0NRT,303.67,5.45,D,VIIRS_SNPP_NRT
12.82455,79.10368,332.39,0.41,0.45,2026-09-01,750,N,VIIRS,l,2.0NRT,304.02,5.9,D,VIIRS_SNPP_NRT
12.88371,78.21547,333.65,0.47,0.47,2026-09-01,750,N,VIIRS,n,2.0NRT,302.7,3.46,D,VIIRS_SNPP_NRT
13.20734,79.73056,330.12,0.56,0.43,2026-09-01,750,N,VIIRS,l,2.0NRT,301.37,3.71,D,VIIRS_SNPP_NRT
13.85649,79.3286,340.87,0.38,0.43,2026-09-01,750,N,VIIRS,n,2.0NRT,296.39,4.74,D,VIIRS_SNPP_NRT
13.85709,79.33201,344.02,0.38,0.43,2026-09-01,750,N,VIIRS,n,2.0NRT,298.61,4.74,D,VIIRS_SNPP_NRT
13.86103,79.33105,334.63,0.38,0.43,2026-09-01,750,N,VIIRS,n,2.0NRT,296.24,4.74,D,VIIRS_SNPP_NRT
14.43501,77.70506,330.81,0.47,0.48,2026-09-01,750,N,VIIRS,n,2.0NRT,296.7,5.22,D,VIIRS_SNPP_NRT
14.43581,77.70943,343.02,0.47,0.48,2026-09-01,750,N,VIIRS,n,2.0NRT,298.18,11.47,D,VIIRS_SNPP_NRT
14.49206,77.77126,343.95,0.47,0.48,2026-09-01,750,N,VIIRS,n,2.0NRT,298.34,8.52,D,VIIRS_SNPP_NRT
14.54064,79.68484,344.26,0.54,0.42,2026-09-01,750,N,VIIRS,n,2.0NRT,297.25,9.29,D,VIIRS_SNPP_NRT
14.86462,77.31979,335.31,0.49,0.49,2026-09-01,752,N,VIIRS,n,2.0NRT,292.46,2.62,D,VIIRS_SNPP_NRT
14.95313,79.62963,338.9,0.53,0.42,2026-09-01,752,N,VIIRS,n,2.0NRT,300.36,5.79,D,VIIRS_SNPP_NRT
14.95399,79.63455,333.95,0.53,0.42,2026-09-01,752,N,VIIRS,n,2.0NRT,299.32,5.79,D,VIIRS_SNPP_NRT
15.18663,76.75148,337.67,0.53,0.5,2026-09-01,752,N,VIIRS,n,2.0NRT,289.96,3.78,D,VIIRS_SNPP_NRT
15.88618,79.82315,338.82,0.5,0.41,2026-09-01,752,N,VIIRS,l,2.0NRT,301.09,7.0,D,VIIRS_SNPP_NRT
15.88993,79.82246,339.55,0.5,0.41,2026-09-01,752,N,VIIRS,n,2.0NRT,299.72,7.0,D,VIIRS_SNPP_NRT
17.95781,80.79736,336.54,0.43,0.38,2026-09-01,752,N,VIIRS,n,2.0NRT,292.25,5.73,D,VIIRS_SNPP_NRT
27.52273,68.33573,353.91,0.5,0.65,2026-09-01,756,N,VIIRS,n,2.0NRT,298.29,7.3,D,VIIRS_SNPP_NRT
30.67169,73.90612,334.61,0.41,0.45,2026-09-01,756,N,VIIRS,n,2.0NRT,294.93,3.03,D,VIIRS_SNPP_NRT
32.2988,73.30443,331.8,0.41,0.45,2026-09-01,756,N,VIIRS,n,2.0NRT,294.81,2.61,D,VIIRS_SNPP_NRT
